dakshsethi	https://dakshsethi.framer.website/	https://framerusercontent.com/assets/05KsVHGDmqXSBXM4yRZ65P8i0s.woff2	/Users/dakshsethi/Projects/guby-rogers/docs/from-previous-attempt/ui-preview/assets/from-framer/dakshsethi/all/05KsVHGDmqXSBXM4yRZ65P8i0s.woff2	9444	font/woff2
dakshsethi	https://dakshsethi.framer.website/	https://framerusercontent.com/assets/08bCJfmvizuFi36VeazboYh54CQ.woff2	/Users/dakshsethi/Projects/guby-rogers/docs/from-previous-attempt/ui-preview/assets/from-framer/dakshsethi/all/08bCJfmvizuFi36VeazboYh54CQ.woff2	29820	font/woff2
dakshsethi	https://dakshsethi.framer.website/	https://framerusercontent.com/assets/0E7IMbDzcGABpBwwqNEt60wU0w.woff2	/Users/dakshsethi/Projects/guby-rogers/docs/from-previous-attempt/ui-preview/assets/from-framer/dakshsethi/all/0E7IMbDzcGABpBwwqNEt60wU0w.woff2	7540	font/woff2
dakshsethi	https://dakshsethi.framer.website/	https://framerusercontent.com/assets/0SEEmmWc3vovhaai4RlRQSWRrz0.woff2	/Users/dakshsethi/Projects/guby-rogers/docs/from-previous-attempt/ui-preview/assets/from-framer/dakshsethi/all/0SEEmmWc3vovhaai4RlRQSWRrz0.woff2	4100	font/woff2
dakshsethi	https://dakshsethi.framer.website/	https://framerusercontent.com/assets/0iDmxkizU9goZoclqIqsV5rvETU.woff2	/Users/dakshsethi/Projects/guby-rogers/docs/from-previous-attempt/ui-preview/assets/from-framer/dakshsethi/all/0iDmxkizU9goZoclqIqsV5rvETU.woff2	6448	font/woff2
dakshsethi	https://dakshsethi.framer.website/	https://framerusercontent.com/assets/1K3W8DizY3v4emK8Mb08YHxTbs.woff2	/Users/dakshsethi/Projects/guby-rogers/docs/from-previous-attempt/ui-preview/assets/from-framer/dakshsethi/all/1K3W8DizY3v4emK8Mb08YHxTbs.woff2	4628	font/woff2
dakshsethi	https://dakshsethi.framer.website/	https://framerusercontent.com/assets/1ZFS7N918ojhhd0nQWdj3jz4w.woff2	/Users/dakshsethi/Projects/guby-rogers/docs/from-previous-attempt/ui-preview/assets/from-framer/dakshsethi/all/1ZFS7N918ojhhd0nQWdj3jz4w.woff2	28004	font/woff2
dakshsethi	https://dakshsethi.framer.website/	https://framerusercontent.com/assets/1ZgR8LZSrJTG9VOgP5wgqaL3lQ4.woff2	/Users/dakshsethi/Projects/guby-rogers/docs/from-previous-attempt/ui-preview/assets/from-framer/dakshsethi/all/1ZgR8LZSrJTG9VOgP5wgqaL3lQ4.woff2	27492	font/woff2
dakshsethi	https://dakshsethi.framer.website/	https://framerusercontent.com/assets/1aaySnsnw0pKE2qUemKvHaM1tw.woff2	/Users/dakshsethi/Projects/guby-rogers/docs/from-previous-attempt/ui-preview/assets/from-framer/dakshsethi/all/1aaySnsnw0pKE2qUemKvHaM1tw.woff2	27756	font/woff2
dakshsethi	https://dakshsethi.framer.website/	https://framerusercontent.com/assets/2A4Xx7CngadFGlVV4xrO06OBHY.woff2	/Users/dakshsethi/Projects/guby-rogers/docs/from-previous-attempt/ui-preview/assets/from-framer/dakshsethi/all/2A4Xx7CngadFGlVV4xrO06OBHY.woff2	4236	font/woff2
dakshsethi	https://dakshsethi.framer.website/	https://framerusercontent.com/assets/2BmSa4TZZvFKAZg2DydxTbvKlTU.woff2	/Users/dakshsethi/Projects/guby-rogers/docs/from-previous-attempt/ui-preview/assets/from-framer/dakshsethi/all/2BmSa4TZZvFKAZg2DydxTbvKlTU.woff2	26448	font/woff2
dakshsethi	https://dakshsethi.framer.website/	https://framerusercontent.com/assets/2uIBiALfCHVpWbHqRMZutfT7giU.woff2	/Users/dakshsethi/Projects/guby-rogers/docs/from-previous-attempt/ui-preview/assets/from-framer/dakshsethi/all/2uIBiALfCHVpWbHqRMZutfT7giU.woff2	8632	font/woff2
dakshsethi	https://dakshsethi.framer.website/	https://framerusercontent.com/assets/2yEyxokC6poTg3Uc5E2ogfVi6WE.woff2	/Users/dakshsethi/Projects/guby-rogers/docs/from-previous-attempt/ui-preview/assets/from-framer/dakshsethi/all/2yEyxokC6poTg3Uc5E2ogfVi6WE.woff2	7160	font/woff2
dakshsethi	https://dakshsethi.framer.website/	https://framerusercontent.com/assets/3RO0kKTqHkJmvsJcJAr5at0.woff2	/Users/dakshsethi/Projects/guby-rogers/docs/from-previous-attempt/ui-preview/assets/from-framer/dakshsethi/all/3RO0kKTqHkJmvsJcJAr5at0.woff2	26300	font/woff2
dakshsethi	https://dakshsethi.framer.website/	https://framerusercontent.com/assets/3ZmXbBKToJifDV9gwcifVd1tEY.woff2	/Users/dakshsethi/Projects/guby-rogers/docs/from-previous-attempt/ui-preview/assets/from-framer/dakshsethi/all/3ZmXbBKToJifDV9gwcifVd1tEY.woff2	7208	font/woff2
dakshsethi	https://dakshsethi.framer.website/	https://framerusercontent.com/assets/43sJ6MfOPh1LCJt46OvyDuSbA6o.woff2	/Users/dakshsethi/Projects/guby-rogers/docs/from-previous-attempt/ui-preview/assets/from-framer/dakshsethi/all/43sJ6MfOPh1LCJt46OvyDuSbA6o.woff2	4960	font/woff2
dakshsethi	https://dakshsethi.framer.website/	https://framerusercontent.com/assets/4RAEQdEOrcnDkhHiiCbJOw92Lk.woff2	/Users/dakshsethi/Projects/guby-rogers/docs/from-previous-attempt/ui-preview/assets/from-framer/dakshsethi/all/4RAEQdEOrcnDkhHiiCbJOw92Lk.woff2	7080	font/woff2
dakshsethi	https://dakshsethi.framer.website/	https://framerusercontent.com/assets/4hBRAuM02i3fsxYDzyNvt5Az2so.woff2	/Users/dakshsethi/Projects/guby-rogers/docs/from-previous-attempt/ui-preview/assets/from-framer/dakshsethi/all/4hBRAuM02i3fsxYDzyNvt5Az2so.woff2	6660	font/woff2
dakshsethi	https://dakshsethi.framer.website/	https://framerusercontent.com/assets/4hhgqiTCDCCa8WhFmTB7QXODupk.woff2	/Users/dakshsethi/Projects/guby-rogers/docs/from-previous-attempt/ui-preview/assets/from-framer/dakshsethi/all/4hhgqiTCDCCa8WhFmTB7QXODupk.woff2	4132	font/woff2
dakshsethi	https://dakshsethi.framer.website/	https://framerusercontent.com/assets/4oIO9fB59bn3cKFWz7piCj28z9s.woff2	/Users/dakshsethi/Projects/guby-rogers/docs/from-previous-attempt/ui-preview/assets/from-framer/dakshsethi/all/4oIO9fB59bn3cKFWz7piCj28z9s.woff2	27628	font/woff2
dakshsethi	https://dakshsethi.framer.website/	https://framerusercontent.com/assets/5A3Ce6C9YYmCjpQx9M4inSaKU.woff2	/Users/dakshsethi/Projects/guby-rogers/docs/from-previous-attempt/ui-preview/assets/from-framer/dakshsethi/all/5A3Ce6C9YYmCjpQx9M4inSaKU.woff2	8956	font/woff2
dakshsethi	https://dakshsethi.framer.website/	https://framerusercontent.com/assets/5CcgcVyoWSqO1THBiISd6oCog.woff2	/Users/dakshsethi/Projects/guby-rogers/docs/from-previous-attempt/ui-preview/assets/from-framer/dakshsethi/all/5CcgcVyoWSqO1THBiISd6oCog.woff2	7104	font/woff2
dakshsethi	https://dakshsethi.framer.website/	https://framerusercontent.com/assets/5HcVoGak8k5agFJSaKa4floXVu0.woff2	/Users/dakshsethi/Projects/guby-rogers/docs/from-previous-attempt/ui-preview/assets/from-framer/dakshsethi/all/5HcVoGak8k5agFJSaKa4floXVu0.woff2	25276	font/woff2
dakshsethi	https://dakshsethi.framer.website/	https://framerusercontent.com/assets/5mDAOkC5Wpzo7NkuE9oYfqlY2u4.woff2	/Users/dakshsethi/Projects/guby-rogers/docs/from-previous-attempt/ui-preview/assets/from-framer/dakshsethi/all/5mDAOkC5Wpzo7NkuE9oYfqlY2u4.woff2	29604	font/woff2
dakshsethi	https://dakshsethi.framer.website/	https://framerusercontent.com/assets/5u1LyW8isA2RA3QfYvCc6TVeGSU.woff2	/Users/dakshsethi/Projects/guby-rogers/docs/from-previous-attempt/ui-preview/assets/from-framer/dakshsethi/all/5u1LyW8isA2RA3QfYvCc6TVeGSU.woff2	27300	font/woff2
dakshsethi	https://dakshsethi.framer.website/	https://framerusercontent.com/assets/5vvr9Vy74if2I6bQbJvbw7SY1pQ.woff2	/Users/dakshsethi/Projects/guby-rogers/docs/from-previous-attempt/ui-preview/assets/from-framer/dakshsethi/all/5vvr9Vy74if2I6bQbJvbw7SY1pQ.woff2	8896	font/woff2
dakshsethi	https://dakshsethi.framer.website/	https://framerusercontent.com/assets/6FI2EneKzM3qBy5foOZXey7coCA.woff2	/Users/dakshsethi/Projects/guby-rogers/docs/from-previous-attempt/ui-preview/assets/from-framer/dakshsethi/all/6FI2EneKzM3qBy5foOZXey7coCA.woff2	27624	font/woff2
dakshsethi	https://dakshsethi.framer.website/	https://framerusercontent.com/assets/6ZMhcggRFfEfbf7lncCpaUbA.woff2	/Users/dakshsethi/Projects/guby-rogers/docs/from-previous-attempt/ui-preview/assets/from-framer/dakshsethi/all/6ZMhcggRFfEfbf7lncCpaUbA.woff2	4880	font/woff2
dakshsethi	https://dakshsethi.framer.website/	https://framerusercontent.com/assets/6dsy2CbviAWDcszGLlgyaLpRMk.woff2	/Users/dakshsethi/Projects/guby-rogers/docs/from-previous-attempt/ui-preview/assets/from-framer/dakshsethi/all/6dsy2CbviAWDcszGLlgyaLpRMk.woff2	4820	font/woff2
dakshsethi	https://dakshsethi.framer.website/	https://framerusercontent.com/assets/6e1qKhy2mljzCRhlGpuCksCGjGI.woff2	/Users/dakshsethi/Projects/guby-rogers/docs/from-previous-attempt/ui-preview/assets/from-framer/dakshsethi/all/6e1qKhy2mljzCRhlGpuCksCGjGI.woff2	27292	font/woff2
dakshsethi	https://dakshsethi.framer.website/	https://framerusercontent.com/assets/6eYp9yIAUvPZY7o0yfI4e2OP6g.woff2	/Users/dakshsethi/Projects/guby-rogers/docs/from-previous-attempt/ui-preview/assets/from-framer/dakshsethi/all/6eYp9yIAUvPZY7o0yfI4e2OP6g.woff2	27748	font/woff2
dakshsethi	https://dakshsethi.framer.website/	https://framerusercontent.com/assets/6mJuEAguuIuMog10gGvH5d3cl8.woff2	/Users/dakshsethi/Projects/guby-rogers/docs/from-previous-attempt/ui-preview/assets/from-framer/dakshsethi/all/6mJuEAguuIuMog10gGvH5d3cl8.woff2	4644	font/woff2
dakshsethi	https://dakshsethi.framer.website/	https://framerusercontent.com/assets/7b925B3vAlG2atcrbV7LoSudp7c.woff2	/Users/dakshsethi/Projects/guby-rogers/docs/from-previous-attempt/ui-preview/assets/from-framer/dakshsethi/all/7b925B3vAlG2atcrbV7LoSudp7c.woff2	9744	font/woff2
dakshsethi	https://dakshsethi.framer.website/	https://framerusercontent.com/assets/7pScaNeb6M7n2HF2jKemDqzCIr4.woff2	/Users/dakshsethi/Projects/guby-rogers/docs/from-previous-attempt/ui-preview/assets/from-framer/dakshsethi/all/7pScaNeb6M7n2HF2jKemDqzCIr4.woff2	7436	font/woff2
dakshsethi	https://dakshsethi.framer.website/	https://framerusercontent.com/assets/867QObYax8ANsfX4TGEVU9YiCM.woff2	/Users/dakshsethi/Projects/guby-rogers/docs/from-previous-attempt/ui-preview/assets/from-framer/dakshsethi/all/867QObYax8ANsfX4TGEVU9YiCM.woff2	7408	font/woff2
dakshsethi	https://dakshsethi.framer.website/	https://framerusercontent.com/assets/8E92vrr3j1gDqzepmeSbD2u0JxA.woff2	/Users/dakshsethi/Projects/guby-rogers/docs/from-previous-attempt/ui-preview/assets/from-framer/dakshsethi/all/8E92vrr3j1gDqzepmeSbD2u0JxA.woff2	4156	font/woff2
dakshsethi	https://dakshsethi.framer.website/	https://framerusercontent.com/assets/8dxmIktsyEgZt0OloSu5gz6TgLI.woff2	/Users/dakshsethi/Projects/guby-rogers/docs/from-previous-attempt/ui-preview/assets/from-framer/dakshsethi/all/8dxmIktsyEgZt0OloSu5gz6TgLI.woff2	4832	font/woff2
dakshsethi	https://dakshsethi.framer.website/	https://framerusercontent.com/assets/8exwVHJy2DhJ4N5prYlVMrEKmQ.woff2	/Users/dakshsethi/Projects/guby-rogers/docs/from-previous-attempt/ui-preview/assets/from-framer/dakshsethi/all/8exwVHJy2DhJ4N5prYlVMrEKmQ.woff2	4584	font/woff2
dakshsethi	https://dakshsethi.framer.website/	https://framerusercontent.com/assets/8rAwKEhQ3NjuGslLNrEVN1bSEUE.png	/Users/dakshsethi/Projects/guby-rogers/docs/from-previous-attempt/ui-preview/assets/from-framer/dakshsethi/all/8rAwKEhQ3NjuGslLNrEVN1bSEUE.png	17525	image/png
dakshsethi	https://dakshsethi.framer.website/	https://framerusercontent.com/assets/8sCN6PGUr4I8q5hC5twAXfcwqV0.woff2	/Users/dakshsethi/Projects/guby-rogers/docs/from-previous-attempt/ui-preview/assets/from-framer/dakshsethi/all/8sCN6PGUr4I8q5hC5twAXfcwqV0.woff2	7364	font/woff2
dakshsethi	https://dakshsethi.framer.website/	https://framerusercontent.com/assets/8yoV9pUxquX7VD7ZXlNYKQmkmk.woff2	/Users/dakshsethi/Projects/guby-rogers/docs/from-previous-attempt/ui-preview/assets/from-framer/dakshsethi/all/8yoV9pUxquX7VD7ZXlNYKQmkmk.woff2	27380	font/woff2
dakshsethi	https://dakshsethi.framer.website/	https://framerusercontent.com/assets/996sR9SfSDuYELz8oHhDOcErkY.woff2	/Users/dakshsethi/Projects/guby-rogers/docs/from-previous-attempt/ui-preview/assets/from-framer/dakshsethi/all/996sR9SfSDuYELz8oHhDOcErkY.woff2	6640	font/woff2
dakshsethi	https://dakshsethi.framer.website/	https://framerusercontent.com/assets/9WZaFuMg9OiQ7an8bugAJkUG04.woff2	/Users/dakshsethi/Projects/guby-rogers/docs/from-previous-attempt/ui-preview/assets/from-framer/dakshsethi/all/9WZaFuMg9OiQ7an8bugAJkUG04.woff2	4608	font/woff2
dakshsethi	https://dakshsethi.framer.website/	https://framerusercontent.com/assets/9iRSYClnXA0RMygyIn6yjjWXJw.woff2	/Users/dakshsethi/Projects/guby-rogers/docs/from-previous-attempt/ui-preview/assets/from-framer/dakshsethi/all/9iRSYClnXA0RMygyIn6yjjWXJw.woff2	4068	font/woff2
dakshsethi	https://dakshsethi.framer.website/	https://framerusercontent.com/assets/A0Wcc7NgXMjUuFdquHDrIZpzZw0.woff2	/Users/dakshsethi/Projects/guby-rogers/docs/from-previous-attempt/ui-preview/assets/from-framer/dakshsethi/all/A0Wcc7NgXMjUuFdquHDrIZpzZw0.woff2	4316	font/woff2
dakshsethi	https://dakshsethi.framer.website/	https://framerusercontent.com/assets/A5P4nkYCJlLQxGxaS1lzG8PNSc.woff2	/Users/dakshsethi/Projects/guby-rogers/docs/from-previous-attempt/ui-preview/assets/from-framer/dakshsethi/all/A5P4nkYCJlLQxGxaS1lzG8PNSc.woff2	9544	font/woff2
dakshsethi	https://dakshsethi.framer.website/	https://framerusercontent.com/assets/BkDpl4ghaqvMi1btKFyG2tdbec.woff2	/Users/dakshsethi/Projects/guby-rogers/docs/from-previous-attempt/ui-preview/assets/from-framer/dakshsethi/all/BkDpl4ghaqvMi1btKFyG2tdbec.woff2	8984	font/woff2
dakshsethi	https://dakshsethi.framer.website/	https://framerusercontent.com/assets/BpOIEy4nYtcp1RwqOtwAgi2EiDE.woff2	/Users/dakshsethi/Projects/guby-rogers/docs/from-previous-attempt/ui-preview/assets/from-framer/dakshsethi/all/BpOIEy4nYtcp1RwqOtwAgi2EiDE.woff2	28956	font/woff2
dakshsethi	https://dakshsethi.framer.website/	https://framerusercontent.com/assets/CfMzU8w2e7tHgF4T4rATMPuWosA.woff2	/Users/dakshsethi/Projects/guby-rogers/docs/from-previous-attempt/ui-preview/assets/from-framer/dakshsethi/all/CfMzU8w2e7tHgF4T4rATMPuWosA.woff2	9500	font/woff2
dakshsethi	https://dakshsethi.framer.website/	https://framerusercontent.com/assets/DF7bjCRmStYPqSb945lAlMfCCVQ.woff2	/Users/dakshsethi/Projects/guby-rogers/docs/from-previous-attempt/ui-preview/assets/from-framer/dakshsethi/all/DF7bjCRmStYPqSb945lAlMfCCVQ.woff2	24696	font/woff2
dakshsethi	https://dakshsethi.framer.website/	https://framerusercontent.com/assets/DOfvtmE1UplCq161m6Hj8CSQYg.woff2	/Users/dakshsethi/Projects/guby-rogers/docs/from-previous-attempt/ui-preview/assets/from-framer/dakshsethi/all/DOfvtmE1UplCq161m6Hj8CSQYg.woff2	26696	font/woff2
dakshsethi	https://dakshsethi.framer.website/	https://framerusercontent.com/assets/DXD0Q7LSl7HEvDzucnyLnGBHM.woff2	/Users/dakshsethi/Projects/guby-rogers/docs/from-previous-attempt/ui-preview/assets/from-framer/dakshsethi/all/DXD0Q7LSl7HEvDzucnyLnGBHM.woff2	27992	font/woff2
dakshsethi	https://dakshsethi.framer.website/	https://framerusercontent.com/assets/DgDysCLt0HkIpWMu2uN5tivgQ.woff2	/Users/dakshsethi/Projects/guby-rogers/docs/from-previous-attempt/ui-preview/assets/from-framer/dakshsethi/all/DgDysCLt0HkIpWMu2uN5tivgQ.woff2	4924	font/woff2
dakshsethi	https://dakshsethi.framer.website/	https://framerusercontent.com/assets/DolVirEGb34pEXEp8t8FQBSK4.woff2	/Users/dakshsethi/Projects/guby-rogers/docs/from-previous-attempt/ui-preview/assets/from-framer/dakshsethi/all/DolVirEGb34pEXEp8t8FQBSK4.woff2	4288	font/woff2
dakshsethi	https://dakshsethi.framer.website/	https://framerusercontent.com/assets/DpPBYI0sL4fYLgAkX8KXOPVt7c.woff2	/Users/dakshsethi/Projects/guby-rogers/docs/from-previous-attempt/ui-preview/assets/from-framer/dakshsethi/all/DpPBYI0sL4fYLgAkX8KXOPVt7c.woff2	8892	font/woff2
dakshsethi	https://dakshsethi.framer.website/	https://framerusercontent.com/assets/DtVQjTG8OGGKnwKYrMHRZVCyo.woff2	/Users/dakshsethi/Projects/guby-rogers/docs/from-previous-attempt/ui-preview/assets/from-framer/dakshsethi/all/DtVQjTG8OGGKnwKYrMHRZVCyo.woff2	4152	font/woff2
dakshsethi	https://dakshsethi.framer.website/	https://framerusercontent.com/assets/DuYGXsyDXsSnxlZ8qzmcA4x3JiI.woff2	/Users/dakshsethi/Projects/guby-rogers/docs/from-previous-attempt/ui-preview/assets/from-framer/dakshsethi/all/DuYGXsyDXsSnxlZ8qzmcA4x3JiI.woff2	4200	font/woff2
dakshsethi	https://dakshsethi.framer.website/	https://framerusercontent.com/assets/EL4v8OG6t2XwHSJLO1YF25DNiDw.woff2	/Users/dakshsethi/Projects/guby-rogers/docs/from-previous-attempt/ui-preview/assets/from-framer/dakshsethi/all/EL4v8OG6t2XwHSJLO1YF25DNiDw.woff2	4540	font/woff2
dakshsethi	https://dakshsethi.framer.website/	https://framerusercontent.com/assets/EOr0mi4hNtlgWNn9if640EZzXCo.woff2	/Users/dakshsethi/Projects/guby-rogers/docs/from-previous-attempt/ui-preview/assets/from-framer/dakshsethi/all/EOr0mi4hNtlgWNn9if640EZzXCo.woff2	7116	font/woff2
dakshsethi	https://dakshsethi.framer.website/	https://framerusercontent.com/assets/EZSFVoaPWKnZ6GuVk5dlS5pk.woff2	/Users/dakshsethi/Projects/guby-rogers/docs/from-previous-attempt/ui-preview/assets/from-framer/dakshsethi/all/EZSFVoaPWKnZ6GuVk5dlS5pk.woff2	8620	font/woff2
dakshsethi	https://dakshsethi.framer.website/	https://framerusercontent.com/assets/F3kdpd2N0cToWV5huaZjjgM.woff2	/Users/dakshsethi/Projects/guby-rogers/docs/from-previous-attempt/ui-preview/assets/from-framer/dakshsethi/all/F3kdpd2N0cToWV5huaZjjgM.woff2	4608	font/woff2
dakshsethi	https://dakshsethi.framer.website/	https://framerusercontent.com/assets/F5Lmfd3fCAu7TwiYbI4DLWw4ks.woff2	/Users/dakshsethi/Projects/guby-rogers/docs/from-previous-attempt/ui-preview/assets/from-framer/dakshsethi/all/F5Lmfd3fCAu7TwiYbI4DLWw4ks.woff2	4232	font/woff2
dakshsethi	https://dakshsethi.framer.website/	https://framerusercontent.com/assets/FBzcXZYmdulcZC0z278U6o0cw.woff2	/Users/dakshsethi/Projects/guby-rogers/docs/from-previous-attempt/ui-preview/assets/from-framer/dakshsethi/all/FBzcXZYmdulcZC0z278U6o0cw.woff2	4868	font/woff2
dakshsethi	https://dakshsethi.framer.website/	https://framerusercontent.com/assets/FNfhX3dt4ChuLJq2PwdlxHO7PU.woff2	/Users/dakshsethi/Projects/guby-rogers/docs/from-previous-attempt/ui-preview/assets/from-framer/dakshsethi/all/FNfhX3dt4ChuLJq2PwdlxHO7PU.woff2	27036	font/woff2
dakshsethi	https://dakshsethi.framer.website/	https://framerusercontent.com/assets/FuEG87bF2T2uEeI84KQYYAE9wA.woff2	/Users/dakshsethi/Projects/guby-rogers/docs/from-previous-attempt/ui-preview/assets/from-framer/dakshsethi/all/FuEG87bF2T2uEeI84KQYYAE9wA.woff2	7652	font/woff2
dakshsethi	https://dakshsethi.framer.website/	https://framerusercontent.com/assets/GIryZETIX4IFypco5pYZONKhJIo.woff2	/Users/dakshsethi/Projects/guby-rogers/docs/from-previous-attempt/ui-preview/assets/from-framer/dakshsethi/all/GIryZETIX4IFypco5pYZONKhJIo.woff2	4268	font/woff2
dakshsethi	https://dakshsethi.framer.website/	https://framerusercontent.com/assets/GSo3TkcX0SwmUNLnnUlsKhqgZI.woff2	/Users/dakshsethi/Projects/guby-rogers/docs/from-previous-attempt/ui-preview/assets/from-framer/dakshsethi/all/GSo3TkcX0SwmUNLnnUlsKhqgZI.woff2	4016	font/woff2
dakshsethi	https://dakshsethi.framer.website/	https://framerusercontent.com/assets/GdJ7SQjcmkU1sz7lk5lMpKUlKY.woff2	/Users/dakshsethi/Projects/guby-rogers/docs/from-previous-attempt/ui-preview/assets/from-framer/dakshsethi/all/GdJ7SQjcmkU1sz7lk5lMpKUlKY.woff2	7512	font/woff2
dakshsethi	https://dakshsethi.framer.website/	https://framerusercontent.com/assets/GeFYhvsobZhw8u0Xza2zCmC8Cw.woff2	/Users/dakshsethi/Projects/guby-rogers/docs/from-previous-attempt/ui-preview/assets/from-framer/dakshsethi/all/GeFYhvsobZhw8u0Xza2zCmC8Cw.woff2	7532	font/woff2
dakshsethi	https://dakshsethi.framer.website/	https://framerusercontent.com/assets/H0Z3dXk6VFBv9TPQedY7FZVVVQ.woff2	/Users/dakshsethi/Projects/guby-rogers/docs/from-previous-attempt/ui-preview/assets/from-framer/dakshsethi/all/H0Z3dXk6VFBv9TPQedY7FZVVVQ.woff2	4340	font/woff2
dakshsethi	https://dakshsethi.framer.website/	https://framerusercontent.com/assets/H4TfENUY1rh8R9UaSD6vngjJP3M.woff2	/Users/dakshsethi/Projects/guby-rogers/docs/from-previous-attempt/ui-preview/assets/from-framer/dakshsethi/all/H4TfENUY1rh8R9UaSD6vngjJP3M.woff2	4188	font/woff2
dakshsethi	https://dakshsethi.framer.website/	https://framerusercontent.com/assets/H89BbHkbHDzlxZzxi8uPzTsp90.woff2	/Users/dakshsethi/Projects/guby-rogers/docs/from-previous-attempt/ui-preview/assets/from-framer/dakshsethi/all/H89BbHkbHDzlxZzxi8uPzTsp90.woff2	9564	font/woff2
dakshsethi	https://dakshsethi.framer.website/	https://framerusercontent.com/assets/HTPyW5jOpXfwIja9CrgNJUDriY4.woff2	/Users/dakshsethi/Projects/guby-rogers/docs/from-previous-attempt/ui-preview/assets/from-framer/dakshsethi/all/HTPyW5jOpXfwIja9CrgNJUDriY4.woff2	27384	font/woff2
dakshsethi	https://dakshsethi.framer.website/	https://framerusercontent.com/assets/I11LrmuBDQZweplJ62KkVsklU5Y.woff2	/Users/dakshsethi/Projects/guby-rogers/docs/from-previous-attempt/ui-preview/assets/from-framer/dakshsethi/all/I11LrmuBDQZweplJ62KkVsklU5Y.woff2	8780	font/woff2
dakshsethi	https://dakshsethi.framer.website/	https://framerusercontent.com/assets/IETjvc5qzUaRoaruDpPSwCUM8.woff2	/Users/dakshsethi/Projects/guby-rogers/docs/from-previous-attempt/ui-preview/assets/from-framer/dakshsethi/all/IETjvc5qzUaRoaruDpPSwCUM8.woff2	4624	font/woff2
dakshsethi	https://dakshsethi.framer.website/	https://framerusercontent.com/assets/Ig8B8nzy11hzIWEIYnkg91sofjo.woff2	/Users/dakshsethi/Projects/guby-rogers/docs/from-previous-attempt/ui-preview/assets/from-framer/dakshsethi/all/Ig8B8nzy11hzIWEIYnkg91sofjo.woff2	25772	font/woff2
dakshsethi	https://dakshsethi.framer.website/	https://framerusercontent.com/assets/Ii21jnSJkulBKsHHXKlapi7fv9w.woff2	/Users/dakshsethi/Projects/guby-rogers/docs/from-previous-attempt/ui-preview/assets/from-framer/dakshsethi/all/Ii21jnSJkulBKsHHXKlapi7fv9w.woff2	4124	font/woff2
dakshsethi	https://dakshsethi.framer.website/	https://framerusercontent.com/assets/IpeaX0WzLaonj68howNZg4SJJaY.woff2	/Users/dakshsethi/Projects/guby-rogers/docs/from-previous-attempt/ui-preview/assets/from-framer/dakshsethi/all/IpeaX0WzLaonj68howNZg4SJJaY.woff2	4808	font/woff2
dakshsethi	https://dakshsethi.framer.website/	https://framerusercontent.com/assets/JAur4lGGSGRGyrFi59JSIKqVgU.woff2	/Users/dakshsethi/Projects/guby-rogers/docs/from-previous-attempt/ui-preview/assets/from-framer/dakshsethi/all/JAur4lGGSGRGyrFi59JSIKqVgU.woff2	4256	font/woff2
dakshsethi	https://dakshsethi.framer.website/	https://framerusercontent.com/assets/JEXmejW8mXOYMtt0hyRg811kHac.woff2	/Users/dakshsethi/Projects/guby-rogers/docs/from-previous-attempt/ui-preview/assets/from-framer/dakshsethi/all/JEXmejW8mXOYMtt0hyRg811kHac.woff2	27812	font/woff2
dakshsethi	https://dakshsethi.framer.website/	https://framerusercontent.com/assets/JVGAsgKKXCCsDQ3MCrxIs5u1U.woff2	/Users/dakshsethi/Projects/guby-rogers/docs/from-previous-attempt/ui-preview/assets/from-framer/dakshsethi/all/JVGAsgKKXCCsDQ3MCrxIs5u1U.woff2	9632	font/woff2
dakshsethi	https://dakshsethi.framer.website/	https://framerusercontent.com/assets/JeYwfuaPfZHQhEG8U5gtPDZ7WQ.woff2	/Users/dakshsethi/Projects/guby-rogers/docs/from-previous-attempt/ui-preview/assets/from-framer/dakshsethi/all/JeYwfuaPfZHQhEG8U5gtPDZ7WQ.woff2	25348	font/woff2
dakshsethi	https://dakshsethi.framer.website/	https://framerusercontent.com/assets/KCj1bV3vDXY5OLHttTeRYcu9J8.woff2	/Users/dakshsethi/Projects/guby-rogers/docs/from-previous-attempt/ui-preview/assets/from-framer/dakshsethi/all/KCj1bV3vDXY5OLHttTeRYcu9J8.woff2	7176	font/woff2
dakshsethi	https://dakshsethi.framer.website/	https://framerusercontent.com/assets/KKQXBq6BF0xEmVbrTnWxh3Yw.woff2	/Users/dakshsethi/Projects/guby-rogers/docs/from-previous-attempt/ui-preview/assets/from-framer/dakshsethi/all/KKQXBq6BF0xEmVbrTnWxh3Yw.woff2	9576	font/woff2
dakshsethi	https://dakshsethi.framer.website/	https://framerusercontent.com/assets/KMFW46iYsEZaUBwXbwPc9nQm71o.woff2	/Users/dakshsethi/Projects/guby-rogers/docs/from-previous-attempt/ui-preview/assets/from-framer/dakshsethi/all/KMFW46iYsEZaUBwXbwPc9nQm71o.woff2	4080	font/woff2
dakshsethi	https://dakshsethi.framer.website/	https://framerusercontent.com/assets/Kc2pkIGjh9K7EmlGx2sorKHcJDw.woff2	/Users/dakshsethi/Projects/guby-rogers/docs/from-previous-attempt/ui-preview/assets/from-framer/dakshsethi/all/Kc2pkIGjh9K7EmlGx2sorKHcJDw.woff2	6496	font/woff2
dakshsethi	https://dakshsethi.framer.website/	https://framerusercontent.com/assets/L9nHaKi7ULzGWchEehsfwttxOwM.woff2	/Users/dakshsethi/Projects/guby-rogers/docs/from-previous-attempt/ui-preview/assets/from-framer/dakshsethi/all/L9nHaKi7ULzGWchEehsfwttxOwM.woff2	4256	font/woff2
dakshsethi	https://dakshsethi.framer.website/	https://framerusercontent.com/assets/MF544SVCvk3yNpLIz3pwDXFZPKM.woff2	/Users/dakshsethi/Projects/guby-rogers/docs/from-previous-attempt/ui-preview/assets/from-framer/dakshsethi/all/MF544SVCvk3yNpLIz3pwDXFZPKM.woff2	4496	font/woff2
dakshsethi	https://dakshsethi.framer.website/	https://framerusercontent.com/assets/MJ3N6lfN4iP5Um8rJGqLYl03tE.woff2	/Users/dakshsethi/Projects/guby-rogers/docs/from-previous-attempt/ui-preview/assets/from-framer/dakshsethi/all/MJ3N6lfN4iP5Um8rJGqLYl03tE.woff2	26132	font/woff2
dakshsethi	https://dakshsethi.framer.website/	https://framerusercontent.com/assets/MRDnh8epalyri0qENYQVaYkjNjA.woff2	/Users/dakshsethi/Projects/guby-rogers/docs/from-previous-attempt/ui-preview/assets/from-framer/dakshsethi/all/MRDnh8epalyri0qENYQVaYkjNjA.woff2	4704	font/woff2
dakshsethi	https://dakshsethi.framer.website/	https://framerusercontent.com/assets/MVhJhYeDWxeyqT939zMNyw9p8.woff2	/Users/dakshsethi/Projects/guby-rogers/docs/from-previous-attempt/ui-preview/assets/from-framer/dakshsethi/all/MVhJhYeDWxeyqT939zMNyw9p8.woff2	8980	font/woff2
dakshsethi	https://dakshsethi.framer.website/	https://framerusercontent.com/assets/MaMAn5Jp5gJg1z3VaLH65QwWPLc.woff2	/Users/dakshsethi/Projects/guby-rogers/docs/from-previous-attempt/ui-preview/assets/from-framer/dakshsethi/all/MaMAn5Jp5gJg1z3VaLH65QwWPLc.woff2	8816	font/woff2
dakshsethi	https://dakshsethi.framer.website/	https://framerusercontent.com/assets/NHHeAKJVP0ZWHk5YZnQQChIsBM.woff2	/Users/dakshsethi/Projects/guby-rogers/docs/from-previous-attempt/ui-preview/assets/from-framer/dakshsethi/all/NHHeAKJVP0ZWHk5YZnQQChIsBM.woff2	4276	font/woff2
dakshsethi	https://dakshsethi.framer.website/	https://framerusercontent.com/assets/NNTAT1XAm8ZRkr824inYPkjNeL4.woff2	/Users/dakshsethi/Projects/guby-rogers/docs/from-previous-attempt/ui-preview/assets/from-framer/dakshsethi/all/NNTAT1XAm8ZRkr824inYPkjNeL4.woff2	4764	font/woff2
dakshsethi	https://dakshsethi.framer.website/	https://framerusercontent.com/assets/NTJ0nQgIF0gcDelS14zQ9NR9Q.woff2	/Users/dakshsethi/Projects/guby-rogers/docs/from-previous-attempt/ui-preview/assets/from-framer/dakshsethi/all/NTJ0nQgIF0gcDelS14zQ9NR9Q.woff2	4932	font/woff2
dakshsethi	https://dakshsethi.framer.website/	https://framerusercontent.com/assets/NXxvFRoY5LDh3yCm7MEP2jqYk.woff2	/Users/dakshsethi/Projects/guby-rogers/docs/from-previous-attempt/ui-preview/assets/from-framer/dakshsethi/all/NXxvFRoY5LDh3yCm7MEP2jqYk.woff2	8720	font/woff2
dakshsethi	https://dakshsethi.framer.website/	https://framerusercontent.com/assets/NeGmSOXrPBfEFIy5YZeHq17LEDA.woff2	/Users/dakshsethi/Projects/guby-rogers/docs/from-previous-attempt/ui-preview/assets/from-framer/dakshsethi/all/NeGmSOXrPBfEFIy5YZeHq17LEDA.woff2	7152	font/woff2
dakshsethi	https://dakshsethi.framer.website/	https://framerusercontent.com/assets/OYrD2tBIBPvoJXiIHnLoOXnY9M.woff2	/Users/dakshsethi/Projects/guby-rogers/docs/from-previous-attempt/ui-preview/assets/from-framer/dakshsethi/all/OYrD2tBIBPvoJXiIHnLoOXnY9M.woff2	6652	font/woff2
dakshsethi	https://dakshsethi.framer.website/	https://framerusercontent.com/assets/Oyn2ZbENFdnW7mt2Lzjk1h9Zb9k.woff2	/Users/dakshsethi/Projects/guby-rogers/docs/from-previous-attempt/ui-preview/assets/from-framer/dakshsethi/all/Oyn2ZbENFdnW7mt2Lzjk1h9Zb9k.woff2	4756	font/woff2
dakshsethi	https://dakshsethi.framer.website/	https://framerusercontent.com/assets/P2Bw01CtL0b9wqygO0sSVogWbo.woff2	/Users/dakshsethi/Projects/guby-rogers/docs/from-previous-attempt/ui-preview/assets/from-framer/dakshsethi/all/P2Bw01CtL0b9wqygO0sSVogWbo.woff2	4168	font/woff2
dakshsethi	https://dakshsethi.framer.website/	https://framerusercontent.com/assets/P2qr9PAWBt905929rHfxmneMUG0.woff2	/Users/dakshsethi/Projects/guby-rogers/docs/from-previous-attempt/ui-preview/assets/from-framer/dakshsethi/all/P2qr9PAWBt905929rHfxmneMUG0.woff2	7044	font/woff2
dakshsethi	https://dakshsethi.framer.website/	https://framerusercontent.com/assets/PONfPc6h4EPYwJliXQBmjVx7QxI.woff2	/Users/dakshsethi/Projects/guby-rogers/docs/from-previous-attempt/ui-preview/assets/from-framer/dakshsethi/all/PONfPc6h4EPYwJliXQBmjVx7QxI.woff2	8888	font/woff2
dakshsethi	https://dakshsethi.framer.website/	https://framerusercontent.com/assets/Pd8gNPn2dSCh4FyjWFw9PJysoQ.woff2	/Users/dakshsethi/Projects/guby-rogers/docs/from-previous-attempt/ui-preview/assets/from-framer/dakshsethi/all/Pd8gNPn2dSCh4FyjWFw9PJysoQ.woff2	27040	font/woff2
dakshsethi	https://dakshsethi.framer.website/	https://framerusercontent.com/assets/PjAOIKsdFTryeYPWcKg4xHgWCTI.woff2	/Users/dakshsethi/Projects/guby-rogers/docs/from-previous-attempt/ui-preview/assets/from-framer/dakshsethi/all/PjAOIKsdFTryeYPWcKg4xHgWCTI.woff2	7184	font/woff2
dakshsethi	https://dakshsethi.framer.website/	https://framerusercontent.com/assets/QrcNhgEPfRl0LS8qz5Ln8olanl8.woff2	/Users/dakshsethi/Projects/guby-rogers/docs/from-previous-attempt/ui-preview/assets/from-framer/dakshsethi/all/QrcNhgEPfRl0LS8qz5Ln8olanl8.woff2	7332	font/woff2
dakshsethi	https://dakshsethi.framer.website/	https://framerusercontent.com/assets/Qx95Xyt0Ka3SGhinnbXIGpEIyP4.woff2	/Users/dakshsethi/Projects/guby-rogers/docs/from-previous-attempt/ui-preview/assets/from-framer/dakshsethi/all/Qx95Xyt0Ka3SGhinnbXIGpEIyP4.woff2	7176	font/woff2
dakshsethi	https://dakshsethi.framer.website/	https://framerusercontent.com/assets/QxmhnWTzLtyjIiZcfaLIJ8EFBXU.woff2	/Users/dakshsethi/Projects/guby-rogers/docs/from-previous-attempt/ui-preview/assets/from-framer/dakshsethi/all/QxmhnWTzLtyjIiZcfaLIJ8EFBXU.woff2	30200	font/woff2
dakshsethi	https://dakshsethi.framer.website/	https://framerusercontent.com/assets/RDJfWXA0aFdpD2OO2AJLBh2Z7E.woff2	/Users/dakshsethi/Projects/guby-rogers/docs/from-previous-attempt/ui-preview/assets/from-framer/dakshsethi/all/RDJfWXA0aFdpD2OO2AJLBh2Z7E.woff2	8700	font/woff2
dakshsethi	https://dakshsethi.framer.website/	https://framerusercontent.com/assets/RJeJJARdrtNUtic58kOz7hIgBuE.woff2	/Users/dakshsethi/Projects/guby-rogers/docs/from-previous-attempt/ui-preview/assets/from-framer/dakshsethi/all/RJeJJARdrtNUtic58kOz7hIgBuE.woff2	4600	font/woff2
dakshsethi	https://dakshsethi.framer.website/	https://framerusercontent.com/assets/SDel4nEmK9AyiBktaYZfYI9DrY.woff2	/Users/dakshsethi/Projects/guby-rogers/docs/from-previous-attempt/ui-preview/assets/from-framer/dakshsethi/all/SDel4nEmK9AyiBktaYZfYI9DrY.woff2	24396	font/woff2
dakshsethi	https://dakshsethi.framer.website/	https://framerusercontent.com/assets/Sj0PCHQSBjFmEp6NBWg6FNaKc.woff2	/Users/dakshsethi/Projects/guby-rogers/docs/from-previous-attempt/ui-preview/assets/from-framer/dakshsethi/all/Sj0PCHQSBjFmEp6NBWg6FNaKc.woff2	25672	font/woff2
dakshsethi	https://dakshsethi.framer.website/	https://framerusercontent.com/assets/SorE7ZPZIqD5pBy9oKeSOEC0Q5k.woff2	/Users/dakshsethi/Projects/guby-rogers/docs/from-previous-attempt/ui-preview/assets/from-framer/dakshsethi/all/SorE7ZPZIqD5pBy9oKeSOEC0Q5k.woff2	29416	font/woff2
dakshsethi	https://dakshsethi.framer.website/	https://framerusercontent.com/assets/TB25ubMpKGgq66PNQGGdJB2VGM.woff2	/Users/dakshsethi/Projects/guby-rogers/docs/from-previous-attempt/ui-preview/assets/from-framer/dakshsethi/all/TB25ubMpKGgq66PNQGGdJB2VGM.woff2	29484	font/woff2
dakshsethi	https://dakshsethi.framer.website/	https://framerusercontent.com/assets/TBccIZR9kIpkRce5i9ATfPp7a4.woff2	/Users/dakshsethi/Projects/guby-rogers/docs/from-previous-attempt/ui-preview/assets/from-framer/dakshsethi/all/TBccIZR9kIpkRce5i9ATfPp7a4.woff2	29748	font/woff2
dakshsethi	https://dakshsethi.framer.website/	https://framerusercontent.com/assets/THWAFHoAcmqLMy81E8hCSdziVKA.woff2	/Users/dakshsethi/Projects/guby-rogers/docs/from-previous-attempt/ui-preview/assets/from-framer/dakshsethi/all/THWAFHoAcmqLMy81E8hCSdziVKA.woff2	9384	font/woff2
dakshsethi	https://dakshsethi.framer.website/	https://framerusercontent.com/assets/TMYuLEOqLWgunxD5qCFeADEgk.woff2	/Users/dakshsethi/Projects/guby-rogers/docs/from-previous-attempt/ui-preview/assets/from-framer/dakshsethi/all/TMYuLEOqLWgunxD5qCFeADEgk.woff2	6840	font/woff2
dakshsethi	https://dakshsethi.framer.website/	https://framerusercontent.com/assets/TNtxudDBkAm2RXdtU3rvTBwoM.woff2	/Users/dakshsethi/Projects/guby-rogers/docs/from-previous-attempt/ui-preview/assets/from-framer/dakshsethi/all/TNtxudDBkAm2RXdtU3rvTBwoM.woff2	6544	font/woff2
dakshsethi	https://dakshsethi.framer.website/	https://framerusercontent.com/assets/TQqnntSFYYGDv7XtyT3ZhfvDA.woff2	/Users/dakshsethi/Projects/guby-rogers/docs/from-previous-attempt/ui-preview/assets/from-framer/dakshsethi/all/TQqnntSFYYGDv7XtyT3ZhfvDA.woff2	7144	font/woff2
dakshsethi	https://dakshsethi.framer.website/	https://framerusercontent.com/assets/TfzHIi6ZmZDuhnIFGcgM6Ipuim4.woff2	/Users/dakshsethi/Projects/guby-rogers/docs/from-previous-attempt/ui-preview/assets/from-framer/dakshsethi/all/TfzHIi6ZmZDuhnIFGcgM6Ipuim4.woff2	25504	font/woff2
dakshsethi	https://dakshsethi.framer.website/	https://framerusercontent.com/assets/U9LaDDmbRhzX3sB8g8glTy5feTE.woff2	/Users/dakshsethi/Projects/guby-rogers/docs/from-previous-attempt/ui-preview/assets/from-framer/dakshsethi/all/U9LaDDmbRhzX3sB8g8glTy5feTE.woff2	4424	font/woff2
dakshsethi	https://dakshsethi.framer.website/	https://framerusercontent.com/assets/UHqhq621TbUtspKtPKPA1Ne8qY.woff2	/Users/dakshsethi/Projects/guby-rogers/docs/from-previous-attempt/ui-preview/assets/from-framer/dakshsethi/all/UHqhq621TbUtspKtPKPA1Ne8qY.woff2	7340	font/woff2
dakshsethi	https://dakshsethi.framer.website/	https://framerusercontent.com/assets/UTeedEK21hO5jDxEUldzdScUqpg.woff2	/Users/dakshsethi/Projects/guby-rogers/docs/from-previous-attempt/ui-preview/assets/from-framer/dakshsethi/all/UTeedEK21hO5jDxEUldzdScUqpg.woff2	6460	font/woff2
dakshsethi	https://dakshsethi.framer.website/	https://framerusercontent.com/assets/UjFZPDy3qGuDktQM4q9CxhKfIa8.woff2	/Users/dakshsethi/Projects/guby-rogers/docs/from-previous-attempt/ui-preview/assets/from-framer/dakshsethi/all/UjFZPDy3qGuDktQM4q9CxhKfIa8.woff2	6988	font/woff2
dakshsethi	https://dakshsethi.framer.website/	https://framerusercontent.com/assets/UrzZBOy7RyJEWAZGduzOeHiHuY.woff2	/Users/dakshsethi/Projects/guby-rogers/docs/from-previous-attempt/ui-preview/assets/from-framer/dakshsethi/all/UrzZBOy7RyJEWAZGduzOeHiHuY.woff2	4640	font/woff2
dakshsethi	https://dakshsethi.framer.website/	https://framerusercontent.com/assets/V3j1L0o5vPFKe26Sw4HcpXCfHo.woff2	/Users/dakshsethi/Projects/guby-rogers/docs/from-previous-attempt/ui-preview/assets/from-framer/dakshsethi/all/V3j1L0o5vPFKe26Sw4HcpXCfHo.woff2	7052	font/woff2
dakshsethi	https://dakshsethi.framer.website/	https://framerusercontent.com/assets/VfD2n20yM7v0hrUEBHEyafsmMBY.woff2	/Users/dakshsethi/Projects/guby-rogers/docs/from-previous-attempt/ui-preview/assets/from-framer/dakshsethi/all/VfD2n20yM7v0hrUEBHEyafsmMBY.woff2	7204	font/woff2
dakshsethi	https://dakshsethi.framer.website/	https://framerusercontent.com/assets/VgYFWiwsAC5OYxAycRXXvhze58.woff2	/Users/dakshsethi/Projects/guby-rogers/docs/from-previous-attempt/ui-preview/assets/from-framer/dakshsethi/all/VgYFWiwsAC5OYxAycRXXvhze58.woff2	26076	font/woff2
dakshsethi	https://dakshsethi.framer.website/	https://framerusercontent.com/assets/Vu4RH4OOAYHIXg4LpXVzNVmbpY.woff2	/Users/dakshsethi/Projects/guby-rogers/docs/from-previous-attempt/ui-preview/assets/from-framer/dakshsethi/all/Vu4RH4OOAYHIXg4LpXVzNVmbpY.woff2	8596	font/woff2
dakshsethi	https://dakshsethi.framer.website/	https://framerusercontent.com/assets/WXQXYfAQJIi2pCJACAfWWXfIDqI.woff2	/Users/dakshsethi/Projects/guby-rogers/docs/from-previous-attempt/ui-preview/assets/from-framer/dakshsethi/all/WXQXYfAQJIi2pCJACAfWWXfIDqI.woff2	7236	font/woff2
dakshsethi	https://dakshsethi.framer.website/	https://framerusercontent.com/assets/WZ367JPwf9bRW6LdTHN8rXgSjw.woff2	/Users/dakshsethi/Projects/guby-rogers/docs/from-previous-attempt/ui-preview/assets/from-framer/dakshsethi/all/WZ367JPwf9bRW6LdTHN8rXgSjw.woff2	27736	font/woff2
dakshsethi	https://dakshsethi.framer.website/	https://framerusercontent.com/assets/X5hj6qzcHUYv7h1390c8Rhm6550.woff2	/Users/dakshsethi/Projects/guby-rogers/docs/from-previous-attempt/ui-preview/assets/from-framer/dakshsethi/all/X5hj6qzcHUYv7h1390c8Rhm6550.woff2	6984	font/woff2
dakshsethi	https://dakshsethi.framer.website/	https://framerusercontent.com/assets/Y9k9QrlZAqio88Klkmbd8VoMQc.woff2	/Users/dakshsethi/Projects/guby-rogers/docs/from-previous-attempt/ui-preview/assets/from-framer/dakshsethi/all/Y9k9QrlZAqio88Klkmbd8VoMQc.woff2	4504	font/woff2
dakshsethi	https://dakshsethi.framer.website/	https://framerusercontent.com/assets/YJsHMqeEm0oDHuxRTVCwg5eZuo.woff2	/Users/dakshsethi/Projects/guby-rogers/docs/from-previous-attempt/ui-preview/assets/from-framer/dakshsethi/all/YJsHMqeEm0oDHuxRTVCwg5eZuo.woff2	9348	font/woff2
dakshsethi	https://dakshsethi.framer.website/	https://framerusercontent.com/assets/YOHXUQlY1iC2t7qT4HeLSoBDtn4.woff2	/Users/dakshsethi/Projects/guby-rogers/docs/from-previous-attempt/ui-preview/assets/from-framer/dakshsethi/all/YOHXUQlY1iC2t7qT4HeLSoBDtn4.woff2	6420	font/woff2
dakshsethi	https://dakshsethi.framer.website/	https://framerusercontent.com/assets/YSOgKh50dqzzsXffetgcarlLHcI.woff2	/Users/dakshsethi/Projects/guby-rogers/docs/from-previous-attempt/ui-preview/assets/from-framer/dakshsethi/all/YSOgKh50dqzzsXffetgcarlLHcI.woff2	27040	font/woff2
dakshsethi	https://dakshsethi.framer.website/	https://framerusercontent.com/assets/YYB6GZmCWnZq3RWZOghuZIOxQY.woff2	/Users/dakshsethi/Projects/guby-rogers/docs/from-previous-attempt/ui-preview/assets/from-framer/dakshsethi/all/YYB6GZmCWnZq3RWZOghuZIOxQY.woff2	9560	font/woff2
dakshsethi	https://dakshsethi.framer.website/	https://framerusercontent.com/assets/Zwfz6xbVe5pmcWRJRgBDHnMkOkI.woff2	/Users/dakshsethi/Projects/guby-rogers/docs/from-previous-attempt/ui-preview/assets/from-framer/dakshsethi/all/Zwfz6xbVe5pmcWRJRgBDHnMkOkI.woff2	6948	font/woff2
dakshsethi	https://dakshsethi.framer.website/	https://framerusercontent.com/assets/aKoimhPBfs6C7Am2HTTVjGcpE.woff2	/Users/dakshsethi/Projects/guby-rogers/docs/from-previous-attempt/ui-preview/assets/from-framer/dakshsethi/all/aKoimhPBfs6C7Am2HTTVjGcpE.woff2	30416	font/woff2
dakshsethi	https://dakshsethi.framer.website/	https://framerusercontent.com/assets/aUYDUTztS7anQw5JuwCncXeLOBY.woff2	/Users/dakshsethi/Projects/guby-rogers/docs/from-previous-attempt/ui-preview/assets/from-framer/dakshsethi/all/aUYDUTztS7anQw5JuwCncXeLOBY.woff2	27184	font/woff2
dakshsethi	https://dakshsethi.framer.website/	https://framerusercontent.com/assets/b6Y37FthZeALduNqHicBT6FutY.woff2	/Users/dakshsethi/Projects/guby-rogers/docs/from-previous-attempt/ui-preview/assets/from-framer/dakshsethi/all/b6Y37FthZeALduNqHicBT6FutY.woff2	4168	font/woff2
dakshsethi	https://dakshsethi.framer.website/	https://framerusercontent.com/assets/b8ezwLrN7h2AUoPEENcsTMVJ0.woff2	/Users/dakshsethi/Projects/guby-rogers/docs/from-previous-attempt/ui-preview/assets/from-framer/dakshsethi/all/b8ezwLrN7h2AUoPEENcsTMVJ0.woff2	4948	font/woff2
dakshsethi	https://dakshsethi.framer.website/	https://framerusercontent.com/assets/bIwBTbnyeAOa9wQIBagEdRDHXhE.woff2	/Users/dakshsethi/Projects/guby-rogers/docs/from-previous-attempt/ui-preview/assets/from-framer/dakshsethi/all/bIwBTbnyeAOa9wQIBagEdRDHXhE.woff2	25044	font/woff2
dakshsethi	https://dakshsethi.framer.website/	https://framerusercontent.com/assets/bNYh7lNMEpOegeRYAtyGel1WqBE.woff2	/Users/dakshsethi/Projects/guby-rogers/docs/from-previous-attempt/ui-preview/assets/from-framer/dakshsethi/all/bNYh7lNMEpOegeRYAtyGel1WqBE.woff2	7596	font/woff2
dakshsethi	https://dakshsethi.framer.website/	https://framerusercontent.com/assets/biaVHhOprxbHaR3dIP7Z8cYurHg.woff2	/Users/dakshsethi/Projects/guby-rogers/docs/from-previous-attempt/ui-preview/assets/from-framer/dakshsethi/all/biaVHhOprxbHaR3dIP7Z8cYurHg.woff2	26400	font/woff2
dakshsethi	https://dakshsethi.framer.website/	https://framerusercontent.com/assets/cRJyLNuTJR5jbyKzGi33wU9cqIQ.woff2	/Users/dakshsethi/Projects/guby-rogers/docs/from-previous-attempt/ui-preview/assets/from-framer/dakshsethi/all/cRJyLNuTJR5jbyKzGi33wU9cqIQ.woff2	26280	font/woff2
dakshsethi	https://dakshsethi.framer.website/	https://framerusercontent.com/assets/cdAe8hgZ1cMyLu9g005pAW3xMo.woff2	/Users/dakshsethi/Projects/guby-rogers/docs/from-previous-attempt/ui-preview/assets/from-framer/dakshsethi/all/cdAe8hgZ1cMyLu9g005pAW3xMo.woff2	7228	font/woff2
dakshsethi	https://dakshsethi.framer.website/	https://framerusercontent.com/assets/cugnVhSraaRyANCaUtI5FV17wk.woff2	/Users/dakshsethi/Projects/guby-rogers/docs/from-previous-attempt/ui-preview/assets/from-framer/dakshsethi/all/cugnVhSraaRyANCaUtI5FV17wk.woff2	6572	font/woff2
dakshsethi	https://dakshsethi.framer.website/	https://framerusercontent.com/assets/d3tHnaQIAeqiE5hGcRw4mmgWYU.woff2	/Users/dakshsethi/Projects/guby-rogers/docs/from-previous-attempt/ui-preview/assets/from-framer/dakshsethi/all/d3tHnaQIAeqiE5hGcRw4mmgWYU.woff2	28032	font/woff2
dakshsethi	https://dakshsethi.framer.website/	https://framerusercontent.com/assets/dHHUz45rhM2KCQpj9zttNVlibk.woff2	/Users/dakshsethi/Projects/guby-rogers/docs/from-previous-attempt/ui-preview/assets/from-framer/dakshsethi/all/dHHUz45rhM2KCQpj9zttNVlibk.woff2	27648	font/woff2
dakshsethi	https://dakshsethi.framer.website/	https://framerusercontent.com/assets/dWFiPjtJpfcxAIDV8RPyuCq04.woff2	/Users/dakshsethi/Projects/guby-rogers/docs/from-previous-attempt/ui-preview/assets/from-framer/dakshsethi/all/dWFiPjtJpfcxAIDV8RPyuCq04.woff2	4100	font/woff2
dakshsethi	https://dakshsethi.framer.website/	https://framerusercontent.com/assets/djqIk3Er2JcAcz7Rup88BdINEw.woff2	/Users/dakshsethi/Projects/guby-rogers/docs/from-previous-attempt/ui-preview/assets/from-framer/dakshsethi/all/djqIk3Er2JcAcz7Rup88BdINEw.woff2	28836	font/woff2
dakshsethi	https://dakshsethi.framer.website/	https://framerusercontent.com/assets/dkR8k5Cze1rY2rQWCcFiLvNxm8M.woff2	/Users/dakshsethi/Projects/guby-rogers/docs/from-previous-attempt/ui-preview/assets/from-framer/dakshsethi/all/dkR8k5Cze1rY2rQWCcFiLvNxm8M.woff2	7100	font/woff2
dakshsethi	https://dakshsethi.framer.website/	https://framerusercontent.com/assets/e97VFGU1js4GGgvQCnvIiHpRf0.woff2	/Users/dakshsethi/Projects/guby-rogers/docs/from-previous-attempt/ui-preview/assets/from-framer/dakshsethi/all/e97VFGU1js4GGgvQCnvIiHpRf0.woff2	7028	font/woff2
dakshsethi	https://dakshsethi.framer.website/	https://framerusercontent.com/assets/eDNmF3DmGWYDX8NrhNZOl1SDyQ.woff2	/Users/dakshsethi/Projects/guby-rogers/docs/from-previous-attempt/ui-preview/assets/from-framer/dakshsethi/all/eDNmF3DmGWYDX8NrhNZOl1SDyQ.woff2	4148	font/woff2
dakshsethi	https://dakshsethi.framer.website/	https://framerusercontent.com/assets/eIZyQwIlHYR0mnMSneEDMtqBPgw.woff2	/Users/dakshsethi/Projects/guby-rogers/docs/from-previous-attempt/ui-preview/assets/from-framer/dakshsethi/all/eIZyQwIlHYR0mnMSneEDMtqBPgw.woff2	4176	font/woff2
dakshsethi	https://dakshsethi.framer.website/	https://framerusercontent.com/assets/eOWZqb2nQ1SLbtYmcGBFYFSOE5U.woff2	/Users/dakshsethi/Projects/guby-rogers/docs/from-previous-attempt/ui-preview/assets/from-framer/dakshsethi/all/eOWZqb2nQ1SLbtYmcGBFYFSOE5U.woff2	7008	font/woff2
dakshsethi	https://dakshsethi.framer.website/	https://framerusercontent.com/assets/ePuN3mCjzajIHnyCdvKBFiZkyY0.woff2	/Users/dakshsethi/Projects/guby-rogers/docs/from-previous-attempt/ui-preview/assets/from-framer/dakshsethi/all/ePuN3mCjzajIHnyCdvKBFiZkyY0.woff2	8820	font/woff2
dakshsethi	https://dakshsethi.framer.website/	https://framerusercontent.com/assets/efTfQcBJ53kM2pB1hezSZ3RDUFs.woff2	/Users/dakshsethi/Projects/guby-rogers/docs/from-previous-attempt/ui-preview/assets/from-framer/dakshsethi/all/efTfQcBJ53kM2pB1hezSZ3RDUFs.woff2	4172	font/woff2
dakshsethi	https://dakshsethi.framer.website/	https://framerusercontent.com/assets/f2kclCrwmFV8YeznrosrT3kcjE.woff2	/Users/dakshsethi/Projects/guby-rogers/docs/from-previous-attempt/ui-preview/assets/from-framer/dakshsethi/all/f2kclCrwmFV8YeznrosrT3kcjE.woff2	7168	font/woff2
dakshsethi	https://dakshsethi.framer.website/	https://framerusercontent.com/assets/fEqgEChcTaneQFxeugexHq7Bk.woff2	/Users/dakshsethi/Projects/guby-rogers/docs/from-previous-attempt/ui-preview/assets/from-framer/dakshsethi/all/fEqgEChcTaneQFxeugexHq7Bk.woff2	7076	font/woff2
dakshsethi	https://dakshsethi.framer.website/	https://framerusercontent.com/assets/fIabp4VN5z7iJ3lNOz9qfNeQHc.woff2	/Users/dakshsethi/Projects/guby-rogers/docs/from-previous-attempt/ui-preview/assets/from-framer/dakshsethi/all/fIabp4VN5z7iJ3lNOz9qfNeQHc.woff2	24648	font/woff2
dakshsethi	https://dakshsethi.framer.website/	https://framerusercontent.com/assets/fWaKVy6hRB8Z8aBaXHMiFEvPILU.woff2	/Users/dakshsethi/Projects/guby-rogers/docs/from-previous-attempt/ui-preview/assets/from-framer/dakshsethi/all/fWaKVy6hRB8Z8aBaXHMiFEvPILU.woff2	9324	font/woff2
dakshsethi	https://dakshsethi.framer.website/	https://framerusercontent.com/assets/fXvVh2JeZlehNcEhKHpHH0frSl0.woff2	/Users/dakshsethi/Projects/guby-rogers/docs/from-previous-attempt/ui-preview/assets/from-framer/dakshsethi/all/fXvVh2JeZlehNcEhKHpHH0frSl0.woff2	9560	font/woff2
dakshsethi	https://dakshsethi.framer.website/	https://framerusercontent.com/assets/fmXYBApyDC604dR7g2aaACGvCk.woff2	/Users/dakshsethi/Projects/guby-rogers/docs/from-previous-attempt/ui-preview/assets/from-framer/dakshsethi/all/fmXYBApyDC604dR7g2aaACGvCk.woff2	4072	font/woff2
dakshsethi	https://dakshsethi.framer.website/	https://framerusercontent.com/assets/ftN1HpyPVJEoEb4q36SOrNdLXU.woff2	/Users/dakshsethi/Projects/guby-rogers/docs/from-previous-attempt/ui-preview/assets/from-framer/dakshsethi/all/ftN1HpyPVJEoEb4q36SOrNdLXU.woff2	25892	font/woff2
dakshsethi	https://dakshsethi.framer.website/	https://framerusercontent.com/assets/fz1JbBffNGgK7BNUI1mmbFBlgA8.woff2	/Users/dakshsethi/Projects/guby-rogers/docs/from-previous-attempt/ui-preview/assets/from-framer/dakshsethi/all/fz1JbBffNGgK7BNUI1mmbFBlgA8.woff2	25556	font/woff2
dakshsethi	https://dakshsethi.framer.website/	https://framerusercontent.com/assets/g0c8vEViiXNlKAgI4Ymmk3Ig.woff2	/Users/dakshsethi/Projects/guby-rogers/docs/from-previous-attempt/ui-preview/assets/from-framer/dakshsethi/all/g0c8vEViiXNlKAgI4Ymmk3Ig.woff2	29696	font/woff2
dakshsethi	https://dakshsethi.framer.website/	https://framerusercontent.com/assets/gLJVFeatQcrirAaS7jqVJIO4.woff2	/Users/dakshsethi/Projects/guby-rogers/docs/from-previous-attempt/ui-preview/assets/from-framer/dakshsethi/all/gLJVFeatQcrirAaS7jqVJIO4.woff2	4240	font/woff2
dakshsethi	https://dakshsethi.framer.website/	https://framerusercontent.com/assets/gNa011yWpVpNFgUhhSlDX8nUiPQ.woff2	/Users/dakshsethi/Projects/guby-rogers/docs/from-previous-attempt/ui-preview/assets/from-framer/dakshsethi/all/gNa011yWpVpNFgUhhSlDX8nUiPQ.woff2	4008	font/woff2
dakshsethi	https://dakshsethi.framer.website/	https://framerusercontent.com/assets/gQhNpS3tN86g8RcVKYUUaKt2oMQ.woff2	/Users/dakshsethi/Projects/guby-rogers/docs/from-previous-attempt/ui-preview/assets/from-framer/dakshsethi/all/gQhNpS3tN86g8RcVKYUUaKt2oMQ.woff2	4528	font/woff2
dakshsethi	https://dakshsethi.framer.website/	https://framerusercontent.com/assets/gawbeo7iEJSRZ4kcrh6YRrU8o.woff2	/Users/dakshsethi/Projects/guby-rogers/docs/from-previous-attempt/ui-preview/assets/from-framer/dakshsethi/all/gawbeo7iEJSRZ4kcrh6YRrU8o.woff2	27784	font/woff2
dakshsethi	https://dakshsethi.framer.website/	https://framerusercontent.com/assets/gazZKZuUEtvr9ULhdA4SprP0AZ0.woff2	/Users/dakshsethi/Projects/guby-rogers/docs/from-previous-attempt/ui-preview/assets/from-framer/dakshsethi/all/gazZKZuUEtvr9ULhdA4SprP0AZ0.woff2	8812	font/woff2
dakshsethi	https://dakshsethi.framer.website/	https://framerusercontent.com/assets/goi1SSqo9KWshoqpg7CqWwBcQBc.woff2	/Users/dakshsethi/Projects/guby-rogers/docs/from-previous-attempt/ui-preview/assets/from-framer/dakshsethi/all/goi1SSqo9KWshoqpg7CqWwBcQBc.woff2	26516	font/woff2
dakshsethi	https://dakshsethi.framer.website/	https://framerusercontent.com/assets/hgmI3sEShaw5UU738TAjDBQPH0.woff2	/Users/dakshsethi/Projects/guby-rogers/docs/from-previous-attempt/ui-preview/assets/from-framer/dakshsethi/all/hgmI3sEShaw5UU738TAjDBQPH0.woff2	27616	font/woff2
dakshsethi	https://dakshsethi.framer.website/	https://framerusercontent.com/assets/hyOgCu0Xnghbimh0pE8QTvtt2AU.woff2	/Users/dakshsethi/Projects/guby-rogers/docs/from-previous-attempt/ui-preview/assets/from-framer/dakshsethi/all/hyOgCu0Xnghbimh0pE8QTvtt2AU.woff2	8908	font/woff2
dakshsethi	https://dakshsethi.framer.website/	https://framerusercontent.com/assets/iPDparXDXhfwSxmuiEXzr0b1vAU.woff2	/Users/dakshsethi/Projects/guby-rogers/docs/from-previous-attempt/ui-preview/assets/from-framer/dakshsethi/all/iPDparXDXhfwSxmuiEXzr0b1vAU.woff2	4052	font/woff2
dakshsethi	https://dakshsethi.framer.website/	https://framerusercontent.com/assets/if4nAQEfO1l3iBiurvlUSTaMA.woff2	/Users/dakshsethi/Projects/guby-rogers/docs/from-previous-attempt/ui-preview/assets/from-framer/dakshsethi/all/if4nAQEfO1l3iBiurvlUSTaMA.woff2	9624	font/woff2
dakshsethi	https://dakshsethi.framer.website/	https://framerusercontent.com/assets/jN39PDxZWEwjG7Csryx3JN2r2Y.woff2	/Users/dakshsethi/Projects/guby-rogers/docs/from-previous-attempt/ui-preview/assets/from-framer/dakshsethi/all/jN39PDxZWEwjG7Csryx3JN2r2Y.woff2	28112	font/woff2
dakshsethi	https://dakshsethi.framer.website/	https://framerusercontent.com/assets/jn4BtSPLlS0NDp1KiFAtFKiiY0o.woff2	/Users/dakshsethi/Projects/guby-rogers/docs/from-previous-attempt/ui-preview/assets/from-framer/dakshsethi/all/jn4BtSPLlS0NDp1KiFAtFKiiY0o.woff2	27364	font/woff2
dakshsethi	https://dakshsethi.framer.website/	https://framerusercontent.com/assets/jplzYzqFHXreyADwk9yrkQlWQ.woff2	/Users/dakshsethi/Projects/guby-rogers/docs/from-previous-attempt/ui-preview/assets/from-framer/dakshsethi/all/jplzYzqFHXreyADwk9yrkQlWQ.woff2	4896	font/woff2
dakshsethi	https://dakshsethi.framer.website/	https://framerusercontent.com/assets/kZK78sVb0ChIxwI4EF00ArQvpu0.woff2	/Users/dakshsethi/Projects/guby-rogers/docs/from-previous-attempt/ui-preview/assets/from-framer/dakshsethi/all/kZK78sVb0ChIxwI4EF00ArQvpu0.woff2	8844	font/woff2
dakshsethi	https://dakshsethi.framer.website/	https://framerusercontent.com/assets/khkJkwSL66WFg8SX6Wa726c.woff2	/Users/dakshsethi/Projects/guby-rogers/docs/from-previous-attempt/ui-preview/assets/from-framer/dakshsethi/all/khkJkwSL66WFg8SX6Wa726c.woff2	9600	font/woff2
dakshsethi	https://dakshsethi.framer.website/	https://framerusercontent.com/assets/ksvR4VsLksjpSwnC2fPgHRNMw.woff2	/Users/dakshsethi/Projects/guby-rogers/docs/from-previous-attempt/ui-preview/assets/from-framer/dakshsethi/all/ksvR4VsLksjpSwnC2fPgHRNMw.woff2	30196	font/woff2
dakshsethi	https://dakshsethi.framer.website/	https://framerusercontent.com/assets/ky8ovPukK4dJ1Pxq74qGhOqCYI.woff2	/Users/dakshsethi/Projects/guby-rogers/docs/from-previous-attempt/ui-preview/assets/from-framer/dakshsethi/all/ky8ovPukK4dJ1Pxq74qGhOqCYI.woff2	7376	font/woff2
dakshsethi	https://dakshsethi.framer.website/	https://framerusercontent.com/assets/l72nQILmlFUAK8OXlvJB8Qybl2M.woff2	/Users/dakshsethi/Projects/guby-rogers/docs/from-previous-attempt/ui-preview/assets/from-framer/dakshsethi/all/l72nQILmlFUAK8OXlvJB8Qybl2M.woff2	4840	font/woff2
dakshsethi	https://dakshsethi.framer.website/	https://framerusercontent.com/assets/lEJLP4R0yuCaMCjSXYHtJw72M.woff2	/Users/dakshsethi/Projects/guby-rogers/docs/from-previous-attempt/ui-preview/assets/from-framer/dakshsethi/all/lEJLP4R0yuCaMCjSXYHtJw72M.woff2	6668	font/woff2
dakshsethi	https://dakshsethi.framer.website/	https://framerusercontent.com/assets/miJTzODdiyIr3tRo9KEoqXXk2PM.woff2	/Users/dakshsethi/Projects/guby-rogers/docs/from-previous-attempt/ui-preview/assets/from-framer/dakshsethi/all/miJTzODdiyIr3tRo9KEoqXXk2PM.woff2	7552	font/woff2
dakshsethi	https://dakshsethi.framer.website/	https://framerusercontent.com/assets/mkY5Sgyq51ik0AMrSBwhm9DJg.woff2	/Users/dakshsethi/Projects/guby-rogers/docs/from-previous-attempt/ui-preview/assets/from-framer/dakshsethi/all/mkY5Sgyq51ik0AMrSBwhm9DJg.woff2	8716	font/woff2
dakshsethi	https://dakshsethi.framer.website/	https://framerusercontent.com/assets/mvNEIBLyHbscgHtwfsByjXUz3XY.woff2	/Users/dakshsethi/Projects/guby-rogers/docs/from-previous-attempt/ui-preview/assets/from-framer/dakshsethi/all/mvNEIBLyHbscgHtwfsByjXUz3XY.woff2	7332	font/woff2
dakshsethi	https://dakshsethi.framer.website/	https://framerusercontent.com/assets/n9CXKI3tsmCPeC6MCT9NziShSuQ.woff2	/Users/dakshsethi/Projects/guby-rogers/docs/from-previous-attempt/ui-preview/assets/from-framer/dakshsethi/all/n9CXKI3tsmCPeC6MCT9NziShSuQ.woff2	27532	font/woff2
dakshsethi	https://dakshsethi.framer.website/	https://framerusercontent.com/assets/nCpxWS6DaPlPe0lHzStXAPCo3lw.woff2	/Users/dakshsethi/Projects/guby-rogers/docs/from-previous-attempt/ui-preview/assets/from-framer/dakshsethi/all/nCpxWS6DaPlPe0lHzStXAPCo3lw.woff2	26636	font/woff2
dakshsethi	https://dakshsethi.framer.website/	https://framerusercontent.com/assets/nE03Xxh2GngsU8hDpg6CRGxqfoM.woff2	/Users/dakshsethi/Projects/guby-rogers/docs/from-previous-attempt/ui-preview/assets/from-framer/dakshsethi/all/nE03Xxh2GngsU8hDpg6CRGxqfoM.woff2	26732	font/woff2
dakshsethi	https://dakshsethi.framer.website/	https://framerusercontent.com/assets/nL7d8Ph0ViwUQorApF89PoAagQI.woff2	/Users/dakshsethi/Projects/guby-rogers/docs/from-previous-attempt/ui-preview/assets/from-framer/dakshsethi/all/nL7d8Ph0ViwUQorApF89PoAagQI.woff2	4460	font/woff2
dakshsethi	https://dakshsethi.framer.website/	https://framerusercontent.com/assets/oG51mTqVfF2JDETyCzOOIQOpzY.woff2	/Users/dakshsethi/Projects/guby-rogers/docs/from-previous-attempt/ui-preview/assets/from-framer/dakshsethi/all/oG51mTqVfF2JDETyCzOOIQOpzY.woff2	7172	font/woff2
dakshsethi	https://dakshsethi.framer.website/	https://framerusercontent.com/assets/oJJMyJlDykMObEyb5VexHSxd24.woff2	/Users/dakshsethi/Projects/guby-rogers/docs/from-previous-attempt/ui-preview/assets/from-framer/dakshsethi/all/oJJMyJlDykMObEyb5VexHSxd24.woff2	7384	font/woff2
dakshsethi	https://dakshsethi.framer.website/	https://framerusercontent.com/assets/oLCoaT3ioA0fHdJnWR9W6k7NY.woff2	/Users/dakshsethi/Projects/guby-rogers/docs/from-previous-attempt/ui-preview/assets/from-framer/dakshsethi/all/oLCoaT3ioA0fHdJnWR9W6k7NY.woff2	6712	font/woff2
dakshsethi	https://dakshsethi.framer.website/	https://framerusercontent.com/assets/oYaAX5himiTPYuN8vLWnqBbfD2s.woff2	/Users/dakshsethi/Projects/guby-rogers/docs/from-previous-attempt/ui-preview/assets/from-framer/dakshsethi/all/oYaAX5himiTPYuN8vLWnqBbfD2s.woff2	4660	font/woff2
dakshsethi	https://dakshsethi.framer.website/	https://framerusercontent.com/assets/otTaNuNpVK4RbdlT7zDDdKvQBA.woff2	/Users/dakshsethi/Projects/guby-rogers/docs/from-previous-attempt/ui-preview/assets/from-framer/dakshsethi/all/otTaNuNpVK4RbdlT7zDDdKvQBA.woff2	26264	font/woff2
dakshsethi	https://dakshsethi.framer.website/	https://framerusercontent.com/assets/pFve2DToKu0uyKsWs4NBTHpK7Vc.woff2	/Users/dakshsethi/Projects/guby-rogers/docs/from-previous-attempt/ui-preview/assets/from-framer/dakshsethi/all/pFve2DToKu0uyKsWs4NBTHpK7Vc.woff2	25856	font/woff2
dakshsethi	https://dakshsethi.framer.website/	https://framerusercontent.com/assets/pe8RoujoPxuTZhqoNzYqHX2MXA.woff2	/Users/dakshsethi/Projects/guby-rogers/docs/from-previous-attempt/ui-preview/assets/from-framer/dakshsethi/all/pe8RoujoPxuTZhqoNzYqHX2MXA.woff2	7040	font/woff2
dakshsethi	https://dakshsethi.framer.website/	https://framerusercontent.com/assets/pkaPRuutZhWxJishes736uL2KM.woff2	/Users/dakshsethi/Projects/guby-rogers/docs/from-previous-attempt/ui-preview/assets/from-framer/dakshsethi/all/pkaPRuutZhWxJishes736uL2KM.woff2	29840	font/woff2
dakshsethi	https://dakshsethi.framer.website/	https://framerusercontent.com/assets/qQHxgTnEk6Czu1yW4xS82HQWFOk.woff2	/Users/dakshsethi/Projects/guby-rogers/docs/from-previous-attempt/ui-preview/assets/from-framer/dakshsethi/all/qQHxgTnEk6Czu1yW4xS82HQWFOk.woff2	6528	font/woff2
dakshsethi	https://dakshsethi.framer.website/	https://framerusercontent.com/assets/qS4UjQYyATcVV9rODk0Zx9KhkY8.woff2	/Users/dakshsethi/Projects/guby-rogers/docs/from-previous-attempt/ui-preview/assets/from-framer/dakshsethi/all/qS4UjQYyATcVV9rODk0Zx9KhkY8.woff2	4968	font/woff2
dakshsethi	https://dakshsethi.framer.website/	https://framerusercontent.com/assets/qctQFoJqJ9aIbRSIp0AhCQpFxn8.woff2	/Users/dakshsethi/Projects/guby-rogers/docs/from-previous-attempt/ui-preview/assets/from-framer/dakshsethi/all/qctQFoJqJ9aIbRSIp0AhCQpFxn8.woff2	4124	font/woff2
dakshsethi	https://dakshsethi.framer.website/	https://framerusercontent.com/assets/qrVgiXNd6RuQjETYQiVQ9nqCk.woff2	/Users/dakshsethi/Projects/guby-rogers/docs/from-previous-attempt/ui-preview/assets/from-framer/dakshsethi/all/qrVgiXNd6RuQjETYQiVQ9nqCk.woff2	30128	font/woff2
dakshsethi	https://dakshsethi.framer.website/	https://framerusercontent.com/assets/r0mv3NegmA0akcQsNFotG32Las.woff2	/Users/dakshsethi/Projects/guby-rogers/docs/from-previous-attempt/ui-preview/assets/from-framer/dakshsethi/all/r0mv3NegmA0akcQsNFotG32Las.woff2	25972	font/woff2
dakshsethi	https://dakshsethi.framer.website/	https://framerusercontent.com/assets/sMud1BrfhejzYfhsGoUtjWdRb90.woff2	/Users/dakshsethi/Projects/guby-rogers/docs/from-previous-attempt/ui-preview/assets/from-framer/dakshsethi/all/sMud1BrfhejzYfhsGoUtjWdRb90.woff2	6376	font/woff2
dakshsethi	https://dakshsethi.framer.website/	https://framerusercontent.com/assets/sOA6LVskcCqlqggyjIZe0Zh39UQ.woff2	/Users/dakshsethi/Projects/guby-rogers/docs/from-previous-attempt/ui-preview/assets/from-framer/dakshsethi/all/sOA6LVskcCqlqggyjIZe0Zh39UQ.woff2	5000	font/woff2
dakshsethi	https://dakshsethi.framer.website/	https://framerusercontent.com/assets/sQxGYWDlRkDr0eOKqiNRl6g5rs.woff2	/Users/dakshsethi/Projects/guby-rogers/docs/from-previous-attempt/ui-preview/assets/from-framer/dakshsethi/all/sQxGYWDlRkDr0eOKqiNRl6g5rs.woff2	7348	font/woff2
dakshsethi	https://dakshsethi.framer.website/	https://framerusercontent.com/assets/sSIKP2TfVPvfK7YVENPE5H87A.woff2	/Users/dakshsethi/Projects/guby-rogers/docs/from-previous-attempt/ui-preview/assets/from-framer/dakshsethi/all/sSIKP2TfVPvfK7YVENPE5H87A.woff2	7220	font/woff2
dakshsethi	https://dakshsethi.framer.website/	https://framerusercontent.com/assets/syX0favWwGMDkTs34aSUJp2FDg.woff2	/Users/dakshsethi/Projects/guby-rogers/docs/from-previous-attempt/ui-preview/assets/from-framer/dakshsethi/all/syX0favWwGMDkTs34aSUJp2FDg.woff2	7396	font/woff2
dakshsethi	https://dakshsethi.framer.website/	https://framerusercontent.com/assets/sz8HQr9IEEln6nmUJ8X0dtBwUQ.woff2	/Users/dakshsethi/Projects/guby-rogers/docs/from-previous-attempt/ui-preview/assets/from-framer/dakshsethi/all/sz8HQr9IEEln6nmUJ8X0dtBwUQ.woff2	29072	font/woff2
dakshsethi	https://dakshsethi.framer.website/	https://framerusercontent.com/assets/tKtBcDnBMevsEEJKdNGhhkLzYo.woff2	/Users/dakshsethi/Projects/guby-rogers/docs/from-previous-attempt/ui-preview/assets/from-framer/dakshsethi/all/tKtBcDnBMevsEEJKdNGhhkLzYo.woff2	4052	font/woff2
dakshsethi	https://dakshsethi.framer.website/	https://framerusercontent.com/assets/tUSCtfYVM1I1IchuyCwz9gDdQ.woff2	/Users/dakshsethi/Projects/guby-rogers/docs/from-previous-attempt/ui-preview/assets/from-framer/dakshsethi/all/tUSCtfYVM1I1IchuyCwz9gDdQ.woff2	6672	font/woff2
dakshsethi	https://dakshsethi.framer.website/	https://framerusercontent.com/assets/tVew2LzXJ1t7QfxP1gdTIdj2o0g.woff2	/Users/dakshsethi/Projects/guby-rogers/docs/from-previous-attempt/ui-preview/assets/from-framer/dakshsethi/all/tVew2LzXJ1t7QfxP1gdTIdj2o0g.woff2	6324	font/woff2
dakshsethi	https://dakshsethi.framer.website/	https://framerusercontent.com/assets/teGhWnhH3bCqefKGsIsqFy3hK8.woff2	/Users/dakshsethi/Projects/guby-rogers/docs/from-previous-attempt/ui-preview/assets/from-framer/dakshsethi/all/teGhWnhH3bCqefKGsIsqFy3hK8.woff2	4624	font/woff2
dakshsethi	https://dakshsethi.framer.website/	https://framerusercontent.com/assets/toNasQAsgu8B7dP8n9xdXRzdNhU.woff2	/Users/dakshsethi/Projects/guby-rogers/docs/from-previous-attempt/ui-preview/assets/from-framer/dakshsethi/all/toNasQAsgu8B7dP8n9xdXRzdNhU.woff2	9516	font/woff2
dakshsethi	https://dakshsethi.framer.website/	https://framerusercontent.com/assets/u6gJwDuwB143kpNK1T1MDKDWkMc.woff2	/Users/dakshsethi/Projects/guby-rogers/docs/from-previous-attempt/ui-preview/assets/from-framer/dakshsethi/all/u6gJwDuwB143kpNK1T1MDKDWkMc.woff2	7556	font/woff2
dakshsethi	https://dakshsethi.framer.website/	https://framerusercontent.com/assets/uUP0myN2OEY8kWGv4U4DKeDieDg.woff2	/Users/dakshsethi/Projects/guby-rogers/docs/from-previous-attempt/ui-preview/assets/from-framer/dakshsethi/all/uUP0myN2OEY8kWGv4U4DKeDieDg.woff2	27232	font/woff2
dakshsethi	https://dakshsethi.framer.website/	https://framerusercontent.com/assets/ua60IRqWK94xCrq0SC639Hbsdjg.woff2	/Users/dakshsethi/Projects/guby-rogers/docs/from-previous-attempt/ui-preview/assets/from-framer/dakshsethi/all/ua60IRqWK94xCrq0SC639Hbsdjg.woff2	7356	font/woff2
dakshsethi	https://dakshsethi.framer.website/	https://framerusercontent.com/assets/ub5XwqqEAMrXQz31ej6fNqbxnBc.woff2	/Users/dakshsethi/Projects/guby-rogers/docs/from-previous-attempt/ui-preview/assets/from-framer/dakshsethi/all/ub5XwqqEAMrXQz31ej6fNqbxnBc.woff2	4092	font/woff2
dakshsethi	https://dakshsethi.framer.website/	https://framerusercontent.com/assets/ugFYeIKZEJXDxI6Kh0YQUX6EK9I.woff2	/Users/dakshsethi/Projects/guby-rogers/docs/from-previous-attempt/ui-preview/assets/from-framer/dakshsethi/all/ugFYeIKZEJXDxI6Kh0YQUX6EK9I.woff2	7480	font/woff2
dakshsethi	https://dakshsethi.framer.website/	https://framerusercontent.com/assets/uy9s0iWuxiNnVt8EpTI3gzohpwo.woff2	/Users/dakshsethi/Projects/guby-rogers/docs/from-previous-attempt/ui-preview/assets/from-framer/dakshsethi/all/uy9s0iWuxiNnVt8EpTI3gzohpwo.woff2	4220	font/woff2
dakshsethi	https://dakshsethi.framer.website/	https://framerusercontent.com/assets/v2q8JTTTs7McDMSEhnxAIBqd0.woff2	/Users/dakshsethi/Projects/guby-rogers/docs/from-previous-attempt/ui-preview/assets/from-framer/dakshsethi/all/v2q8JTTTs7McDMSEhnxAIBqd0.woff2	27524	font/woff2
dakshsethi	https://dakshsethi.framer.website/	https://framerusercontent.com/assets/vFOa28RMJNgff4GnWLns8E8vGZw.woff2	/Users/dakshsethi/Projects/guby-rogers/docs/from-previous-attempt/ui-preview/assets/from-framer/dakshsethi/all/vFOa28RMJNgff4GnWLns8E8vGZw.woff2	4128	font/woff2
dakshsethi	https://dakshsethi.framer.website/	https://framerusercontent.com/assets/vFzuJY0c65av44uhEKB6vyjFMg.woff2	/Users/dakshsethi/Projects/guby-rogers/docs/from-previous-attempt/ui-preview/assets/from-framer/dakshsethi/all/vFzuJY0c65av44uhEKB6vyjFMg.woff2	29416	font/woff2
dakshsethi	https://dakshsethi.framer.website/	https://framerusercontent.com/assets/vQyevYAyHtARFwPqUzQGpnDs.woff2	/Users/dakshsethi/Projects/guby-rogers/docs/from-previous-attempt/ui-preview/assets/from-framer/dakshsethi/all/vQyevYAyHtARFwPqUzQGpnDs.woff2	27404	font/woff2
dakshsethi	https://dakshsethi.framer.website/	https://framerusercontent.com/assets/vSoBOmgqFUd0rVCgogjwL7jQI.woff2	/Users/dakshsethi/Projects/guby-rogers/docs/from-previous-attempt/ui-preview/assets/from-framer/dakshsethi/all/vSoBOmgqFUd0rVCgogjwL7jQI.woff2	6360	font/woff2
dakshsethi	https://dakshsethi.framer.website/	https://framerusercontent.com/assets/vYXKBGLaUwctOIY5xUjwrXQ4p8.woff2	/Users/dakshsethi/Projects/guby-rogers/docs/from-previous-attempt/ui-preview/assets/from-framer/dakshsethi/all/vYXKBGLaUwctOIY5xUjwrXQ4p8.woff2	28776	font/woff2
dakshsethi	https://dakshsethi.framer.website/	https://framerusercontent.com/assets/vebZUMjGyKkYsfcY73iwWTzLNag.woff2	/Users/dakshsethi/Projects/guby-rogers/docs/from-previous-attempt/ui-preview/assets/from-framer/dakshsethi/all/vebZUMjGyKkYsfcY73iwWTzLNag.woff2	4016	font/woff2
dakshsethi	https://dakshsethi.framer.website/	https://framerusercontent.com/assets/vpq17U0WM26sBGHgq9jnrUmUf8.woff2	/Users/dakshsethi/Projects/guby-rogers/docs/from-previous-attempt/ui-preview/assets/from-framer/dakshsethi/all/vpq17U0WM26sBGHgq9jnrUmUf8.woff2	9588	font/woff2
dakshsethi	https://dakshsethi.framer.website/	https://framerusercontent.com/assets/vuPfygr1n1zYxscvWgGI8hRf3LE.woff2	/Users/dakshsethi/Projects/guby-rogers/docs/from-previous-attempt/ui-preview/assets/from-framer/dakshsethi/all/vuPfygr1n1zYxscvWgGI8hRf3LE.woff2	7476	font/woff2
dakshsethi	https://dakshsethi.framer.website/	https://framerusercontent.com/assets/vvNSqIj42qeQ2bvCRBIWKHscrc.woff2	/Users/dakshsethi/Projects/guby-rogers/docs/from-previous-attempt/ui-preview/assets/from-framer/dakshsethi/all/vvNSqIj42qeQ2bvCRBIWKHscrc.woff2	4828	font/woff2
dakshsethi	https://dakshsethi.framer.website/	https://framerusercontent.com/assets/vxBnBhH8768IFAXAb4Qf6wQHKs.woff2	/Users/dakshsethi/Projects/guby-rogers/docs/from-previous-attempt/ui-preview/assets/from-framer/dakshsethi/all/vxBnBhH8768IFAXAb4Qf6wQHKs.woff2	9524	font/woff2
dakshsethi	https://dakshsethi.framer.website/	https://framerusercontent.com/assets/w3wwH92cnNPcZVAf63gAmGQW0k.woff2	/Users/dakshsethi/Projects/guby-rogers/docs/from-previous-attempt/ui-preview/assets/from-framer/dakshsethi/all/w3wwH92cnNPcZVAf63gAmGQW0k.woff2	6572	font/woff2
dakshsethi	https://dakshsethi.framer.website/	https://framerusercontent.com/assets/w9aHRXFhel7kScIgRMsPqEwE3AY.woff2	/Users/dakshsethi/Projects/guby-rogers/docs/from-previous-attempt/ui-preview/assets/from-framer/dakshsethi/all/w9aHRXFhel7kScIgRMsPqEwE3AY.woff2	25536	font/woff2
dakshsethi	https://dakshsethi.framer.website/	https://framerusercontent.com/assets/wccHG0r4gBDAIRhfHiOlq6oEkqw.woff2	/Users/dakshsethi/Projects/guby-rogers/docs/from-previous-attempt/ui-preview/assets/from-framer/dakshsethi/all/wccHG0r4gBDAIRhfHiOlq6oEkqw.woff2	7360	font/woff2
dakshsethi	https://dakshsethi.framer.website/	https://framerusercontent.com/assets/wmHLUqO4QxLaADUScavxvknnBQ.woff2	/Users/dakshsethi/Projects/guby-rogers/docs/from-previous-attempt/ui-preview/assets/from-framer/dakshsethi/all/wmHLUqO4QxLaADUScavxvknnBQ.woff2	27872	font/woff2
dakshsethi	https://dakshsethi.framer.website/	https://framerusercontent.com/assets/xFtzow8wtMpaEQuIGgCbt25Qorg.woff2	/Users/dakshsethi/Projects/guby-rogers/docs/from-previous-attempt/ui-preview/assets/from-framer/dakshsethi/all/xFtzow8wtMpaEQuIGgCbt25Qorg.woff2	4200	font/woff2
dakshsethi	https://dakshsethi.framer.website/	https://framerusercontent.com/assets/xPVm3TFQkuvdIaC7nzaBBAiE5Y.woff2	/Users/dakshsethi/Projects/guby-rogers/docs/from-previous-attempt/ui-preview/assets/from-framer/dakshsethi/all/xPVm3TFQkuvdIaC7nzaBBAiE5Y.woff2	7492	font/woff2
dakshsethi	https://dakshsethi.framer.website/	https://framerusercontent.com/assets/xSzma7KIWAdctStaX171ey3lams.woff2	/Users/dakshsethi/Projects/guby-rogers/docs/from-previous-attempt/ui-preview/assets/from-framer/dakshsethi/all/xSzma7KIWAdctStaX171ey3lams.woff2	29836	font/woff2
dakshsethi	https://dakshsethi.framer.website/	https://framerusercontent.com/assets/xYYWaj7wCU5zSQH0eXvSaS19wo.woff2	/Users/dakshsethi/Projects/guby-rogers/docs/from-previous-attempt/ui-preview/assets/from-framer/dakshsethi/all/xYYWaj7wCU5zSQH0eXvSaS19wo.woff2	6676	font/woff2
dakshsethi	https://dakshsethi.framer.website/	https://framerusercontent.com/assets/xwWV9Y5bwNwM4PjHKFG1XmdwA.woff2	/Users/dakshsethi/Projects/guby-rogers/docs/from-previous-attempt/ui-preview/assets/from-framer/dakshsethi/all/xwWV9Y5bwNwM4PjHKFG1XmdwA.woff2	4976	font/woff2
dakshsethi	https://dakshsethi.framer.website/	https://framerusercontent.com/assets/yDiPvYxioBHsicnYxpPW35WQmx8.woff2	/Users/dakshsethi/Projects/guby-rogers/docs/from-previous-attempt/ui-preview/assets/from-framer/dakshsethi/all/yDiPvYxioBHsicnYxpPW35WQmx8.woff2	4108	font/woff2
dakshsethi	https://dakshsethi.framer.website/	https://framerusercontent.com/assets/yHWoQPBZSEiCC3aW3JXtcoFby8o.woff2	/Users/dakshsethi/Projects/guby-rogers/docs/from-previous-attempt/ui-preview/assets/from-framer/dakshsethi/all/yHWoQPBZSEiCC3aW3JXtcoFby8o.woff2	9376	font/woff2
dakshsethi	https://dakshsethi.framer.website/	https://framerusercontent.com/assets/yHa3FUh9QDCLkYGoHU44PsRbTI.woff2	/Users/dakshsethi/Projects/guby-rogers/docs/from-previous-attempt/ui-preview/assets/from-framer/dakshsethi/all/yHa3FUh9QDCLkYGoHU44PsRbTI.woff2	4448	font/woff2
dakshsethi	https://dakshsethi.framer.website/	https://framerusercontent.com/assets/ytuJ1iJd5SddEQ3LTMbeYRRwiE.woff2	/Users/dakshsethi/Projects/guby-rogers/docs/from-previous-attempt/ui-preview/assets/from-framer/dakshsethi/all/ytuJ1iJd5SddEQ3LTMbeYRRwiE.woff2	26884	font/woff2
dakshsethi	https://dakshsethi.framer.website/	https://framerusercontent.com/assets/zAMK70AQRFSShJgUiaR5IiIhgzk.woff2	/Users/dakshsethi/Projects/guby-rogers/docs/from-previous-attempt/ui-preview/assets/from-framer/dakshsethi/all/zAMK70AQRFSShJgUiaR5IiIhgzk.woff2	7148	font/woff2
dakshsethi	https://dakshsethi.framer.website/	https://framerusercontent.com/assets/zLXnIInNs9VhCJZQ1B0FvHgtWDM.woff2	/Users/dakshsethi/Projects/guby-rogers/docs/from-previous-attempt/ui-preview/assets/from-framer/dakshsethi/all/zLXnIInNs9VhCJZQ1B0FvHgtWDM.woff2	7152	font/woff2
dakshsethi	https://dakshsethi.framer.website/	https://framerusercontent.com/assets/zSsEuoJdh8mcFVk976C05ZfQr8.woff2	/Users/dakshsethi/Projects/guby-rogers/docs/from-previous-attempt/ui-preview/assets/from-framer/dakshsethi/all/zSsEuoJdh8mcFVk976C05ZfQr8.woff2	7540	font/woff2
dakshsethi	https://dakshsethi.framer.website/	https://framerusercontent.com/assets/zUCSsMbWBcHOQoATrhsPVigkc.woff2	/Users/dakshsethi/Projects/guby-rogers/docs/from-previous-attempt/ui-preview/assets/from-framer/dakshsethi/all/zUCSsMbWBcHOQoATrhsPVigkc.woff2	7340	font/woff2
dakshsethi	https://dakshsethi.framer.website/	https://framerusercontent.com/assets/zpiI5DA3vCb3G2sqEyq9xqogo.woff2	/Users/dakshsethi/Projects/guby-rogers/docs/from-previous-attempt/ui-preview/assets/from-framer/dakshsethi/all/zpiI5DA3vCb3G2sqEyq9xqogo.woff2	29712	font/woff2
dakshsethi	https://dakshsethi.framer.website/	https://framerusercontent.com/assets/zsnJN7Z1wdzUvepJniD3rbvJIyU.woff2	/Users/dakshsethi/Projects/guby-rogers/docs/from-previous-attempt/ui-preview/assets/from-framer/dakshsethi/all/zsnJN7Z1wdzUvepJniD3rbvJIyU.woff2	7084	font/woff2
dakshsethi	https://dakshsethi.framer.website/	https://framerusercontent.com/images/0494i8Ya64ed1eSstJSxCxnbfM.png	/Users/dakshsethi/Projects/guby-rogers/docs/from-previous-attempt/ui-preview/assets/from-framer/dakshsethi/all/0494i8Ya64ed1eSstJSxCxnbfM.png	39275	image/png
dakshsethi	https://dakshsethi.framer.website/	https://framerusercontent.com/images/0Uf1WXXIRNxeV2jOLFWUFzzYHs.png	/Users/dakshsethi/Projects/guby-rogers/docs/from-previous-attempt/ui-preview/assets/from-framer/dakshsethi/all/0Uf1WXXIRNxeV2jOLFWUFzzYHs.png	206215	image/png
dakshsethi	https://dakshsethi.framer.website/	https://framerusercontent.com/images/11KSGbIZoRSg4pjdnUoif6MKHI.svg	/Users/dakshsethi/Projects/guby-rogers/docs/from-previous-attempt/ui-preview/assets/from-framer/dakshsethi/all/11KSGbIZoRSg4pjdnUoif6MKHI.svg	215	image/svg+xml
dakshsethi	https://dakshsethi.framer.website/	https://framerusercontent.com/images/1HgYIbCqvfoR9WEyhHbNjt1G6y0.png	/Users/dakshsethi/Projects/guby-rogers/docs/from-previous-attempt/ui-preview/assets/from-framer/dakshsethi/all/1HgYIbCqvfoR9WEyhHbNjt1G6y0.png	46817	image/png
dakshsethi	https://dakshsethi.framer.website/	https://framerusercontent.com/images/1HvnBJeqEYnY7WpvYGleYhdkAA.png	/Users/dakshsethi/Projects/guby-rogers/docs/from-previous-attempt/ui-preview/assets/from-framer/dakshsethi/all/1HvnBJeqEYnY7WpvYGleYhdkAA.png	103296	image/png
dakshsethi	https://dakshsethi.framer.website/	https://framerusercontent.com/images/2sfrC9VxSeq0rsAMpVioPSC3RA.png	/Users/dakshsethi/Projects/guby-rogers/docs/from-previous-attempt/ui-preview/assets/from-framer/dakshsethi/all/2sfrC9VxSeq0rsAMpVioPSC3RA.png	18988	image/png
dakshsethi	https://dakshsethi.framer.website/	https://framerusercontent.com/images/30DQZz3xz82cqRsZWcISTu9Ig.png	/Users/dakshsethi/Projects/guby-rogers/docs/from-previous-attempt/ui-preview/assets/from-framer/dakshsethi/all/30DQZz3xz82cqRsZWcISTu9Ig.png	3662	image/png
dakshsethi	https://dakshsethi.framer.website/	https://framerusercontent.com/images/32heDxsOZ6zzk9oIEM6SzI8a8WY.jpg	/Users/dakshsethi/Projects/guby-rogers/docs/from-previous-attempt/ui-preview/assets/from-framer/dakshsethi/all/32heDxsOZ6zzk9oIEM6SzI8a8WY.jpg	19482	image/png
dakshsethi	https://dakshsethi.framer.website/	https://framerusercontent.com/images/47lHIxiW2olB5nMPL73ubLmKs.png	/Users/dakshsethi/Projects/guby-rogers/docs/from-previous-attempt/ui-preview/assets/from-framer/dakshsethi/all/47lHIxiW2olB5nMPL73ubLmKs.png	20606	image/png
dakshsethi	https://dakshsethi.framer.website/	https://framerusercontent.com/images/4cDZb2spmrwlkuI1rBI9wU2dVX8.jpg	/Users/dakshsethi/Projects/guby-rogers/docs/from-previous-attempt/ui-preview/assets/from-framer/dakshsethi/all/4cDZb2spmrwlkuI1rBI9wU2dVX8.jpg	29550	image/jpeg
dakshsethi	https://dakshsethi.framer.website/	https://framerusercontent.com/images/5F5c5C0UEWn54QZKi0ftCHdK8I.jpg	/Users/dakshsethi/Projects/guby-rogers/docs/from-previous-attempt/ui-preview/assets/from-framer/dakshsethi/all/5F5c5C0UEWn54QZKi0ftCHdK8I.jpg	58585	image/jpeg
dakshsethi	https://dakshsethi.framer.website/	https://framerusercontent.com/images/5GDylmJtU5YcIxGzjtXjPhTL4.jpeg	/Users/dakshsethi/Projects/guby-rogers/docs/from-previous-attempt/ui-preview/assets/from-framer/dakshsethi/all/5GDylmJtU5YcIxGzjtXjPhTL4.jpeg	23030	image/jpeg
dakshsethi	https://dakshsethi.framer.website/	https://framerusercontent.com/images/6GdnTE06SkRis9t52dMnzJ2meo.png	/Users/dakshsethi/Projects/guby-rogers/docs/from-previous-attempt/ui-preview/assets/from-framer/dakshsethi/all/6GdnTE06SkRis9t52dMnzJ2meo.png	14104	image/png
dakshsethi	https://dakshsethi.framer.website/	https://framerusercontent.com/images/6dMnRwUhU8HFzbAByDWMmMNzlWo.jpg	/Users/dakshsethi/Projects/guby-rogers/docs/from-previous-attempt/ui-preview/assets/from-framer/dakshsethi/all/6dMnRwUhU8HFzbAByDWMmMNzlWo.jpg	237538	image/jpeg
dakshsethi	https://dakshsethi.framer.website/	https://framerusercontent.com/images/6dlXW2MAdVc6aZc2ZnUx6a0P8.png	/Users/dakshsethi/Projects/guby-rogers/docs/from-previous-attempt/ui-preview/assets/from-framer/dakshsethi/all/6dlXW2MAdVc6aZc2ZnUx6a0P8.png	26745	image/png
dakshsethi	https://dakshsethi.framer.website/	https://framerusercontent.com/images/6tTbkXggWgQCAJ4DO2QEdXXmgM.svg	/Users/dakshsethi/Projects/guby-rogers/docs/from-previous-attempt/ui-preview/assets/from-framer/dakshsethi/all/6tTbkXggWgQCAJ4DO2QEdXXmgM.svg	214	image/svg+xml
dakshsethi	https://dakshsethi.framer.website/	https://framerusercontent.com/images/8hlsmXXMWcyPriz5QTKyCSbV2Jc.png	/Users/dakshsethi/Projects/guby-rogers/docs/from-previous-attempt/ui-preview/assets/from-framer/dakshsethi/all/8hlsmXXMWcyPriz5QTKyCSbV2Jc.png	184124	image/png
dakshsethi	https://dakshsethi.framer.website/	https://framerusercontent.com/images/9A3QwPmw2dTlpgc6Ty6uaiPdAJI.jpg	/Users/dakshsethi/Projects/guby-rogers/docs/from-previous-attempt/ui-preview/assets/from-framer/dakshsethi/all/9A3QwPmw2dTlpgc6Ty6uaiPdAJI.jpg	6748175	image/png
dakshsethi	https://dakshsethi.framer.website/	https://framerusercontent.com/images/9FVdQr39uwI0e5Fmz8citdvFc2w.jpg	/Users/dakshsethi/Projects/guby-rogers/docs/from-previous-attempt/ui-preview/assets/from-framer/dakshsethi/all/9FVdQr39uwI0e5Fmz8citdvFc2w.jpg	11542	image/png
dakshsethi	https://dakshsethi.framer.website/	https://framerusercontent.com/images/AZ6UfSY43Q9dF6UCNbjupceE5c.jpg	/Users/dakshsethi/Projects/guby-rogers/docs/from-previous-attempt/ui-preview/assets/from-framer/dakshsethi/all/AZ6UfSY43Q9dF6UCNbjupceE5c.jpg	36979	image/jpeg
dakshsethi	https://dakshsethi.framer.website/	https://framerusercontent.com/images/AccPK7sGdqkdFsfIdRhyi4WcO0.jpg	/Users/dakshsethi/Projects/guby-rogers/docs/from-previous-attempt/ui-preview/assets/from-framer/dakshsethi/all/AccPK7sGdqkdFsfIdRhyi4WcO0.jpg	12604	image/jpeg
dakshsethi	https://dakshsethi.framer.website/	https://framerusercontent.com/images/CuxA1xhsVa2mOPLfLXebjToj4XU.png	/Users/dakshsethi/Projects/guby-rogers/docs/from-previous-attempt/ui-preview/assets/from-framer/dakshsethi/all/CuxA1xhsVa2mOPLfLXebjToj4XU.png	23423	image/png
dakshsethi	https://dakshsethi.framer.website/	https://framerusercontent.com/images/DauX95JmD2fWynH2NUhygWgjk.png	/Users/dakshsethi/Projects/guby-rogers/docs/from-previous-attempt/ui-preview/assets/from-framer/dakshsethi/all/DauX95JmD2fWynH2NUhygWgjk.png	22991	image/png
dakshsethi	https://dakshsethi.framer.website/	https://framerusercontent.com/images/DmwfgYLApjZtXAvXfiqrCLt3O08.png	/Users/dakshsethi/Projects/guby-rogers/docs/from-previous-attempt/ui-preview/assets/from-framer/dakshsethi/all/DmwfgYLApjZtXAvXfiqrCLt3O08.png	5623	image/png
dakshsethi	https://dakshsethi.framer.website/	https://framerusercontent.com/images/E2iysorFFW4fQpZtThwUfguhIo.png	/Users/dakshsethi/Projects/guby-rogers/docs/from-previous-attempt/ui-preview/assets/from-framer/dakshsethi/all/E2iysorFFW4fQpZtThwUfguhIo.png	39778	image/png
dakshsethi	https://dakshsethi.framer.website/	https://framerusercontent.com/images/EEDe1GlpoIOMiARMikGWU1BGY8.jpg	/Users/dakshsethi/Projects/guby-rogers/docs/from-previous-attempt/ui-preview/assets/from-framer/dakshsethi/all/EEDe1GlpoIOMiARMikGWU1BGY8.jpg	6743	image/png
dakshsethi	https://dakshsethi.framer.website/	https://framerusercontent.com/images/EfM2oh5vOuPVlVy6vsPN5RJey8.png	/Users/dakshsethi/Projects/guby-rogers/docs/from-previous-attempt/ui-preview/assets/from-framer/dakshsethi/all/EfM2oh5vOuPVlVy6vsPN5RJey8.png	16562	image/png
dakshsethi	https://dakshsethi.framer.website/	https://framerusercontent.com/images/FF444aRk1QCD4asFjA5gUgp44fQ.png	/Users/dakshsethi/Projects/guby-rogers/docs/from-previous-attempt/ui-preview/assets/from-framer/dakshsethi/all/FF444aRk1QCD4asFjA5gUgp44fQ.png	8586	image/png
dakshsethi	https://dakshsethi.framer.website/	https://framerusercontent.com/images/Fa14rPZXW4fiqnjKvudwFsvgb4.png	/Users/dakshsethi/Projects/guby-rogers/docs/from-previous-attempt/ui-preview/assets/from-framer/dakshsethi/all/Fa14rPZXW4fiqnjKvudwFsvgb4.png	10157	image/png
dakshsethi	https://dakshsethi.framer.website/	https://framerusercontent.com/images/GrWi6RKzO2bclvYnLHEReYMpI.jpg	/Users/dakshsethi/Projects/guby-rogers/docs/from-previous-attempt/ui-preview/assets/from-framer/dakshsethi/all/GrWi6RKzO2bclvYnLHEReYMpI.jpg	2639740	image/jpeg
dakshsethi	https://dakshsethi.framer.website/	https://framerusercontent.com/images/HrY5B7SDWQO7jkLpkO8OFMoGQ4Y.jpg	/Users/dakshsethi/Projects/guby-rogers/docs/from-previous-attempt/ui-preview/assets/from-framer/dakshsethi/all/HrY5B7SDWQO7jkLpkO8OFMoGQ4Y.jpg	39182	image/jpeg
dakshsethi	https://dakshsethi.framer.website/	https://framerusercontent.com/images/IMlejHzl7AcXIbevBKS3jIocRs.png	/Users/dakshsethi/Projects/guby-rogers/docs/from-previous-attempt/ui-preview/assets/from-framer/dakshsethi/all/IMlejHzl7AcXIbevBKS3jIocRs.png	295009	image/png
dakshsethi	https://dakshsethi.framer.website/	https://framerusercontent.com/images/IUp76H7YExmP6cpPDv9eBSRSgE.png	/Users/dakshsethi/Projects/guby-rogers/docs/from-previous-attempt/ui-preview/assets/from-framer/dakshsethi/all/IUp76H7YExmP6cpPDv9eBSRSgE.png	265358	image/png
dakshsethi	https://dakshsethi.framer.website/	https://framerusercontent.com/images/JNUFkDFS0KLtDlxaBBDwuzospEw.png	/Users/dakshsethi/Projects/guby-rogers/docs/from-previous-attempt/ui-preview/assets/from-framer/dakshsethi/all/JNUFkDFS0KLtDlxaBBDwuzospEw.png	153048	image/png
dakshsethi	https://dakshsethi.framer.website/	https://framerusercontent.com/images/JQxXXYNRLbeVPswbsa98DIzUI.jpg	/Users/dakshsethi/Projects/guby-rogers/docs/from-previous-attempt/ui-preview/assets/from-framer/dakshsethi/all/JQxXXYNRLbeVPswbsa98DIzUI.jpg	33315	image/jpeg
dakshsethi	https://dakshsethi.framer.website/	https://framerusercontent.com/images/KK5VwwoQqeI7zF3jF2ckJrEzbs4.png	/Users/dakshsethi/Projects/guby-rogers/docs/from-previous-attempt/ui-preview/assets/from-framer/dakshsethi/all/KK5VwwoQqeI7zF3jF2ckJrEzbs4.png	88978	image/png
dakshsethi	https://dakshsethi.framer.website/	https://framerusercontent.com/images/MFGQJUAgWVhZgUPqsNpWlWAzYA.png	/Users/dakshsethi/Projects/guby-rogers/docs/from-previous-attempt/ui-preview/assets/from-framer/dakshsethi/all/MFGQJUAgWVhZgUPqsNpWlWAzYA.png	139088	image/png
dakshsethi	https://dakshsethi.framer.website/	https://framerusercontent.com/images/Md3oDL11KTjOUrI97DwuWTkAw8M.png	/Users/dakshsethi/Projects/guby-rogers/docs/from-previous-attempt/ui-preview/assets/from-framer/dakshsethi/all/Md3oDL11KTjOUrI97DwuWTkAw8M.png	81718	image/png
dakshsethi	https://dakshsethi.framer.website/	https://framerusercontent.com/images/MjRNdreS6OSKS6MUsrBHOuYQI.png	/Users/dakshsethi/Projects/guby-rogers/docs/from-previous-attempt/ui-preview/assets/from-framer/dakshsethi/all/MjRNdreS6OSKS6MUsrBHOuYQI.png	113794	image/png
dakshsethi	https://dakshsethi.framer.website/	https://framerusercontent.com/images/NYcPxloIY7pCQV6sz8l77tHIW6Y.png	/Users/dakshsethi/Projects/guby-rogers/docs/from-previous-attempt/ui-preview/assets/from-framer/dakshsethi/all/NYcPxloIY7pCQV6sz8l77tHIW6Y.png	41859	image/png
dakshsethi	https://dakshsethi.framer.website/	https://framerusercontent.com/images/NccCkTPZZinHEYQs7L6sEqGPls.png	/Users/dakshsethi/Projects/guby-rogers/docs/from-previous-attempt/ui-preview/assets/from-framer/dakshsethi/all/NccCkTPZZinHEYQs7L6sEqGPls.png	27930	image/png
dakshsethi	https://dakshsethi.framer.website/	https://framerusercontent.com/images/No8RNWSjrrE2RcoeynmQQqM9nvs.jpg	/Users/dakshsethi/Projects/guby-rogers/docs/from-previous-attempt/ui-preview/assets/from-framer/dakshsethi/all/No8RNWSjrrE2RcoeynmQQqM9nvs.jpg	6419	image/jpeg
dakshsethi	https://dakshsethi.framer.website/	https://framerusercontent.com/images/O2aT9xsQFTbQYcuBfyhMZBMUsg.png	/Users/dakshsethi/Projects/guby-rogers/docs/from-previous-attempt/ui-preview/assets/from-framer/dakshsethi/all/O2aT9xsQFTbQYcuBfyhMZBMUsg.png	92709	image/png
dakshsethi	https://dakshsethi.framer.website/	https://framerusercontent.com/images/OJpbUUZ5Db4FaPEeeIOpWcEQ0.png	/Users/dakshsethi/Projects/guby-rogers/docs/from-previous-attempt/ui-preview/assets/from-framer/dakshsethi/all/OJpbUUZ5Db4FaPEeeIOpWcEQ0.png	88873	image/png
dakshsethi	https://dakshsethi.framer.website/	https://framerusercontent.com/images/ONBMSYvGWLLuUSTMLuyelr3HxXw.png	/Users/dakshsethi/Projects/guby-rogers/docs/from-previous-attempt/ui-preview/assets/from-framer/dakshsethi/all/ONBMSYvGWLLuUSTMLuyelr3HxXw.png	31904	image/png
dakshsethi	https://dakshsethi.framer.website/	https://framerusercontent.com/images/OSIePNAn0r2bFQIAj3PD8N2dyM.jpg	/Users/dakshsethi/Projects/guby-rogers/docs/from-previous-attempt/ui-preview/assets/from-framer/dakshsethi/all/OSIePNAn0r2bFQIAj3PD8N2dyM.jpg	23531	image/jpeg
dakshsethi	https://dakshsethi.framer.website/	https://framerusercontent.com/images/QC5KeP9IzJesMr8L0e2PoS4Ms.png	/Users/dakshsethi/Projects/guby-rogers/docs/from-previous-attempt/ui-preview/assets/from-framer/dakshsethi/all/QC5KeP9IzJesMr8L0e2PoS4Ms.png	50581	image/png
dakshsethi	https://dakshsethi.framer.website/	https://framerusercontent.com/images/QJ3AzN9ggzbwviQVIinHXH32Eo.png	/Users/dakshsethi/Projects/guby-rogers/docs/from-previous-attempt/ui-preview/assets/from-framer/dakshsethi/all/QJ3AzN9ggzbwviQVIinHXH32Eo.png	108908	image/png
dakshsethi	https://dakshsethi.framer.website/	https://framerusercontent.com/images/RgT8g7Ox8DNyhimDf1iojuKjlJo.png	/Users/dakshsethi/Projects/guby-rogers/docs/from-previous-attempt/ui-preview/assets/from-framer/dakshsethi/all/RgT8g7Ox8DNyhimDf1iojuKjlJo.png	163015	image/png
dakshsethi	https://dakshsethi.framer.website/	https://framerusercontent.com/images/S2yQGMspCek0BEz3qnJn9knriw.jpg	/Users/dakshsethi/Projects/guby-rogers/docs/from-previous-attempt/ui-preview/assets/from-framer/dakshsethi/all/S2yQGMspCek0BEz3qnJn9knriw.jpg	56455	image/jpeg
dakshsethi	https://dakshsethi.framer.website/	https://framerusercontent.com/images/SrxyXbaCyOCGweG3At1kQJpcMA.jpg	/Users/dakshsethi/Projects/guby-rogers/docs/from-previous-attempt/ui-preview/assets/from-framer/dakshsethi/all/SrxyXbaCyOCGweG3At1kQJpcMA.jpg	48524	image/jpeg
dakshsethi	https://dakshsethi.framer.website/	https://framerusercontent.com/images/TNIBp0YulpImrSTW5vSi5h8gA.jpg	/Users/dakshsethi/Projects/guby-rogers/docs/from-previous-attempt/ui-preview/assets/from-framer/dakshsethi/all/TNIBp0YulpImrSTW5vSi5h8gA.jpg	45918	image/jpeg
dakshsethi	https://dakshsethi.framer.website/	https://framerusercontent.com/images/U28tlEubNMp0CKfQPIYYkzaB54.png	/Users/dakshsethi/Projects/guby-rogers/docs/from-previous-attempt/ui-preview/assets/from-framer/dakshsethi/all/U28tlEubNMp0CKfQPIYYkzaB54.png	57653	image/png
dakshsethi	https://dakshsethi.framer.website/	https://framerusercontent.com/images/UAfAV1QvCnVjYsZAEUDFlImo.jpg	/Users/dakshsethi/Projects/guby-rogers/docs/from-previous-attempt/ui-preview/assets/from-framer/dakshsethi/all/UAfAV1QvCnVjYsZAEUDFlImo.jpg	48150	image/jpeg
dakshsethi	https://dakshsethi.framer.website/	https://framerusercontent.com/images/UVR7L83Ya4vq1YgU7L0FTMDOE.png	/Users/dakshsethi/Projects/guby-rogers/docs/from-previous-attempt/ui-preview/assets/from-framer/dakshsethi/all/UVR7L83Ya4vq1YgU7L0FTMDOE.png	72106	image/png
dakshsethi	https://dakshsethi.framer.website/	https://framerusercontent.com/images/UzFzNLhPRN6ezzArsLleIkVRg6U.png	/Users/dakshsethi/Projects/guby-rogers/docs/from-previous-attempt/ui-preview/assets/from-framer/dakshsethi/all/UzFzNLhPRN6ezzArsLleIkVRg6U.png	102905	image/png
dakshsethi	https://dakshsethi.framer.website/	https://framerusercontent.com/images/WOelUOtzgtgjWdYkM2NVNkIkQ.png	/Users/dakshsethi/Projects/guby-rogers/docs/from-previous-attempt/ui-preview/assets/from-framer/dakshsethi/all/WOelUOtzgtgjWdYkM2NVNkIkQ.png	22473	image/png
dakshsethi	https://dakshsethi.framer.website/	https://framerusercontent.com/images/X1mqF2zb4ieFUs7C54jLZ1woS4.jpg	/Users/dakshsethi/Projects/guby-rogers/docs/from-previous-attempt/ui-preview/assets/from-framer/dakshsethi/all/X1mqF2zb4ieFUs7C54jLZ1woS4.jpg	44601	image/jpeg
dakshsethi	https://dakshsethi.framer.website/	https://framerusercontent.com/images/ZEEHuA61R446N2maZpIfRF9KUA.png	/Users/dakshsethi/Projects/guby-rogers/docs/from-previous-attempt/ui-preview/assets/from-framer/dakshsethi/all/ZEEHuA61R446N2maZpIfRF9KUA.png	188662	image/png
dakshsethi	https://dakshsethi.framer.website/	https://framerusercontent.com/images/ZuteIurIjqwWrRz91gfwYiL9C2Y.png	/Users/dakshsethi/Projects/guby-rogers/docs/from-previous-attempt/ui-preview/assets/from-framer/dakshsethi/all/ZuteIurIjqwWrRz91gfwYiL9C2Y.png	157820	image/png
dakshsethi	https://dakshsethi.framer.website/	https://framerusercontent.com/images/aogCQSbKpxu9eLb8oovEqt6dsEE.webp	/Users/dakshsethi/Projects/guby-rogers/docs/from-previous-attempt/ui-preview/assets/from-framer/dakshsethi/all/aogCQSbKpxu9eLb8oovEqt6dsEE.webp	273872	image/png
dakshsethi	https://dakshsethi.framer.website/	https://framerusercontent.com/images/arOP1U95qHJnJpejith6anMtdU.jpg	/Users/dakshsethi/Projects/guby-rogers/docs/from-previous-attempt/ui-preview/assets/from-framer/dakshsethi/all/arOP1U95qHJnJpejith6anMtdU.jpg	40560	image/jpeg
dakshsethi	https://dakshsethi.framer.website/	https://framerusercontent.com/images/bCDAwrNt0GtKoDkFHmp4JTtys58.webp	/Users/dakshsethi/Projects/guby-rogers/docs/from-previous-attempt/ui-preview/assets/from-framer/dakshsethi/all/bCDAwrNt0GtKoDkFHmp4JTtys58.webp	12278	image/webp
dakshsethi	https://dakshsethi.framer.website/	https://framerusercontent.com/images/bszDTzTBR8NE2yZJgA7sVjp6oQ.jpg	/Users/dakshsethi/Projects/guby-rogers/docs/from-previous-attempt/ui-preview/assets/from-framer/dakshsethi/all/bszDTzTBR8NE2yZJgA7sVjp6oQ.jpg	1443693	image/jpeg
dakshsethi	https://dakshsethi.framer.website/	https://framerusercontent.com/images/cpEjzcPHXh0uVynMKHQYxGXYi4.png	/Users/dakshsethi/Projects/guby-rogers/docs/from-previous-attempt/ui-preview/assets/from-framer/dakshsethi/all/cpEjzcPHXh0uVynMKHQYxGXYi4.png	6627	image/png
dakshsethi	https://dakshsethi.framer.website/	https://framerusercontent.com/images/d2zBT6XmPeXXcEQSHUKP3callU.webp	/Users/dakshsethi/Projects/guby-rogers/docs/from-previous-attempt/ui-preview/assets/from-framer/dakshsethi/all/d2zBT6XmPeXXcEQSHUKP3callU.webp	9978	image/webp
dakshsethi	https://dakshsethi.framer.website/	https://framerusercontent.com/images/dBTr5bIxmrEawIuh3jS9kS8Yg.jpg	/Users/dakshsethi/Projects/guby-rogers/docs/from-previous-attempt/ui-preview/assets/from-framer/dakshsethi/all/dBTr5bIxmrEawIuh3jS9kS8Yg.jpg	20119	image/jpeg
dakshsethi	https://dakshsethi.framer.website/	https://framerusercontent.com/images/dVHUJIF2OEGhjExJE2OQ5mk.jpg	/Users/dakshsethi/Projects/guby-rogers/docs/from-previous-attempt/ui-preview/assets/from-framer/dakshsethi/all/dVHUJIF2OEGhjExJE2OQ5mk.jpg	3147696	image/jpeg
dakshsethi	https://dakshsethi.framer.website/	https://framerusercontent.com/images/ekuw3EvfHipoNHvdN1kARtg9fHo.png	/Users/dakshsethi/Projects/guby-rogers/docs/from-previous-attempt/ui-preview/assets/from-framer/dakshsethi/all/ekuw3EvfHipoNHvdN1kARtg9fHo.png	113301	image/png
dakshsethi	https://dakshsethi.framer.website/	https://framerusercontent.com/images/fKCF8fkbxG82UHBkXN1Cm3x9HU.png	/Users/dakshsethi/Projects/guby-rogers/docs/from-previous-attempt/ui-preview/assets/from-framer/dakshsethi/all/fKCF8fkbxG82UHBkXN1Cm3x9HU.png	44975	image/png
dakshsethi	https://dakshsethi.framer.website/	https://framerusercontent.com/images/fKOPI38h2XnW7R0KFdpKnQym6Qs.jpg	/Users/dakshsethi/Projects/guby-rogers/docs/from-previous-attempt/ui-preview/assets/from-framer/dakshsethi/all/fKOPI38h2XnW7R0KFdpKnQym6Qs.jpg	3156022	image/png
dakshsethi	https://dakshsethi.framer.website/	https://framerusercontent.com/images/fzhw3oHbapoLp1fthYzrl3VqK3w.jpg	/Users/dakshsethi/Projects/guby-rogers/docs/from-previous-attempt/ui-preview/assets/from-framer/dakshsethi/all/fzhw3oHbapoLp1fthYzrl3VqK3w.jpg	75470	image/jpeg
dakshsethi	https://dakshsethi.framer.website/	https://framerusercontent.com/images/gOmm2hNQf3qNW29vgOKaSWGcxE.jpg	/Users/dakshsethi/Projects/guby-rogers/docs/from-previous-attempt/ui-preview/assets/from-framer/dakshsethi/all/gOmm2hNQf3qNW29vgOKaSWGcxE.jpg	445077	image/jpeg
dakshsethi	https://dakshsethi.framer.website/	https://framerusercontent.com/images/ggFBTc8nLydDCwp0wIZT7wi535g.png	/Users/dakshsethi/Projects/guby-rogers/docs/from-previous-attempt/ui-preview/assets/from-framer/dakshsethi/all/ggFBTc8nLydDCwp0wIZT7wi535g.png	36247	image/png
dakshsethi	https://dakshsethi.framer.website/	https://framerusercontent.com/images/gxJ1bIjVYhj7iRmJ6OM8Cohj4s.png	/Users/dakshsethi/Projects/guby-rogers/docs/from-previous-attempt/ui-preview/assets/from-framer/dakshsethi/all/gxJ1bIjVYhj7iRmJ6OM8Cohj4s.png	248207	image/png
dakshsethi	https://dakshsethi.framer.website/	https://framerusercontent.com/images/h79TpPhOgqXOBlz6TgyPmGEZDzs.jpg	/Users/dakshsethi/Projects/guby-rogers/docs/from-previous-attempt/ui-preview/assets/from-framer/dakshsethi/all/h79TpPhOgqXOBlz6TgyPmGEZDzs.jpg	531141	image/jpeg
dakshsethi	https://dakshsethi.framer.website/	https://framerusercontent.com/images/hDeyifufYQ31bK7ZewU0hQQeEY.png	/Users/dakshsethi/Projects/guby-rogers/docs/from-previous-attempt/ui-preview/assets/from-framer/dakshsethi/all/hDeyifufYQ31bK7ZewU0hQQeEY.png	10925	image/png
dakshsethi	https://dakshsethi.framer.website/	https://framerusercontent.com/images/hmrFsktvNouST4R07gw22eKfeUw.png	/Users/dakshsethi/Projects/guby-rogers/docs/from-previous-attempt/ui-preview/assets/from-framer/dakshsethi/all/hmrFsktvNouST4R07gw22eKfeUw.png	56915	image/png
dakshsethi	https://dakshsethi.framer.website/	https://framerusercontent.com/images/ick3Mmt89zXXkSvIpN3kHnAs.png	/Users/dakshsethi/Projects/guby-rogers/docs/from-previous-attempt/ui-preview/assets/from-framer/dakshsethi/all/ick3Mmt89zXXkSvIpN3kHnAs.png	4360	image/png
dakshsethi	https://dakshsethi.framer.website/	https://framerusercontent.com/images/j6ywziOSCuk6jK3a2lzaAJbCWBA.png	/Users/dakshsethi/Projects/guby-rogers/docs/from-previous-attempt/ui-preview/assets/from-framer/dakshsethi/all/j6ywziOSCuk6jK3a2lzaAJbCWBA.png	26136	image/png
dakshsethi	https://dakshsethi.framer.website/	https://framerusercontent.com/images/jaJ92w9onmzeg4FsAAzIja0DG4A.jpg	/Users/dakshsethi/Projects/guby-rogers/docs/from-previous-attempt/ui-preview/assets/from-framer/dakshsethi/all/jaJ92w9onmzeg4FsAAzIja0DG4A.jpg	202416	image/jpeg
dakshsethi	https://dakshsethi.framer.website/	https://framerusercontent.com/images/k72GRu7Wsnw0WQfoH7onyFfKY.jpg	/Users/dakshsethi/Projects/guby-rogers/docs/from-previous-attempt/ui-preview/assets/from-framer/dakshsethi/all/k72GRu7Wsnw0WQfoH7onyFfKY.jpg	834225	image/jpeg
dakshsethi	https://dakshsethi.framer.website/	https://framerusercontent.com/images/ktP13HCNufBNVWXeL5HDAP8UGg8.png	/Users/dakshsethi/Projects/guby-rogers/docs/from-previous-attempt/ui-preview/assets/from-framer/dakshsethi/all/ktP13HCNufBNVWXeL5HDAP8UGg8.png	10066	image/png
dakshsethi	https://dakshsethi.framer.website/	https://framerusercontent.com/images/l5fmFg9FAiGfBZXf039e7KUa4w.png	/Users/dakshsethi/Projects/guby-rogers/docs/from-previous-attempt/ui-preview/assets/from-framer/dakshsethi/all/l5fmFg9FAiGfBZXf039e7KUa4w.png	16153	image/png
dakshsethi	https://dakshsethi.framer.website/	https://framerusercontent.com/images/mKhYzfdgRSz1pEbbzRYGMIDhdZc.png	/Users/dakshsethi/Projects/guby-rogers/docs/from-previous-attempt/ui-preview/assets/from-framer/dakshsethi/all/mKhYzfdgRSz1pEbbzRYGMIDhdZc.png	214055	image/png
dakshsethi	https://dakshsethi.framer.website/	https://framerusercontent.com/images/mZxPdnAphk8AhqlkDKxrZECSs.png	/Users/dakshsethi/Projects/guby-rogers/docs/from-previous-attempt/ui-preview/assets/from-framer/dakshsethi/all/mZxPdnAphk8AhqlkDKxrZECSs.png	72203	image/png
dakshsethi	https://dakshsethi.framer.website/	https://framerusercontent.com/images/mcPz3tuiG6WSyDsLkCsnbad6PzI.png	/Users/dakshsethi/Projects/guby-rogers/docs/from-previous-attempt/ui-preview/assets/from-framer/dakshsethi/all/mcPz3tuiG6WSyDsLkCsnbad6PzI.png	136494	image/png
dakshsethi	https://dakshsethi.framer.website/	https://framerusercontent.com/images/mh4ibpdvp14yAp7G5OhQ9n4yIYo.png	/Users/dakshsethi/Projects/guby-rogers/docs/from-previous-attempt/ui-preview/assets/from-framer/dakshsethi/all/mh4ibpdvp14yAp7G5OhQ9n4yIYo.png	79896	image/png
dakshsethi	https://dakshsethi.framer.website/	https://framerusercontent.com/images/mum900fZVcdD0SpnHPxdjJzGHas.png	/Users/dakshsethi/Projects/guby-rogers/docs/from-previous-attempt/ui-preview/assets/from-framer/dakshsethi/all/mum900fZVcdD0SpnHPxdjJzGHas.png	9054	image/png
dakshsethi	https://dakshsethi.framer.website/	https://framerusercontent.com/images/obpc3lQgyjPXskAI6Fx5GoRoV0.png	/Users/dakshsethi/Projects/guby-rogers/docs/from-previous-attempt/ui-preview/assets/from-framer/dakshsethi/all/obpc3lQgyjPXskAI6Fx5GoRoV0.png	48200	image/png
dakshsethi	https://dakshsethi.framer.website/	https://framerusercontent.com/images/od7GotKw9ws8fk7pTdHTSrRNcY.png	/Users/dakshsethi/Projects/guby-rogers/docs/from-previous-attempt/ui-preview/assets/from-framer/dakshsethi/all/od7GotKw9ws8fk7pTdHTSrRNcY.png	9834	image/png
dakshsethi	https://dakshsethi.framer.website/	https://framerusercontent.com/images/pPEq8O7NZqVi16cQQUODNlhcZug.jpg	/Users/dakshsethi/Projects/guby-rogers/docs/from-previous-attempt/ui-preview/assets/from-framer/dakshsethi/all/pPEq8O7NZqVi16cQQUODNlhcZug.jpg	58318	image/jpeg
dakshsethi	https://dakshsethi.framer.website/	https://framerusercontent.com/images/qFqhYLOWa6JvHTe8aDtplfu95E.png	/Users/dakshsethi/Projects/guby-rogers/docs/from-previous-attempt/ui-preview/assets/from-framer/dakshsethi/all/qFqhYLOWa6JvHTe8aDtplfu95E.png	137401	image/png
dakshsethi	https://dakshsethi.framer.website/	https://framerusercontent.com/images/qKQQItiJh3Eqjubm2geTtkmHow.png	/Users/dakshsethi/Projects/guby-rogers/docs/from-previous-attempt/ui-preview/assets/from-framer/dakshsethi/all/qKQQItiJh3Eqjubm2geTtkmHow.png	4844	image/png
dakshsethi	https://dakshsethi.framer.website/	https://framerusercontent.com/images/qW1bdnJJlpflBOcJ5lqTbpUwudg.png	/Users/dakshsethi/Projects/guby-rogers/docs/from-previous-attempt/ui-preview/assets/from-framer/dakshsethi/all/qW1bdnJJlpflBOcJ5lqTbpUwudg.png	46805	image/png
dakshsethi	https://dakshsethi.framer.website/	https://framerusercontent.com/images/sBEG5HxZSkBzdNowjkxy8XiU.png	/Users/dakshsethi/Projects/guby-rogers/docs/from-previous-attempt/ui-preview/assets/from-framer/dakshsethi/all/sBEG5HxZSkBzdNowjkxy8XiU.png	48991	image/png
dakshsethi	https://dakshsethi.framer.website/	https://framerusercontent.com/images/sESBBwyNkDZcbTBKbWkat7Sthk.png	/Users/dakshsethi/Projects/guby-rogers/docs/from-previous-attempt/ui-preview/assets/from-framer/dakshsethi/all/sESBBwyNkDZcbTBKbWkat7Sthk.png	96482	image/png
dakshsethi	https://dakshsethi.framer.website/	https://framerusercontent.com/images/sRaBOf25s0SoS5MTG4BZKh56pzw.png	/Users/dakshsethi/Projects/guby-rogers/docs/from-previous-attempt/ui-preview/assets/from-framer/dakshsethi/all/sRaBOf25s0SoS5MTG4BZKh56pzw.png	93828	image/png
dakshsethi	https://dakshsethi.framer.website/	https://framerusercontent.com/images/sdCkROOM8NWzmwztFXFkgfJJU.webp	/Users/dakshsethi/Projects/guby-rogers/docs/from-previous-attempt/ui-preview/assets/from-framer/dakshsethi/all/sdCkROOM8NWzmwztFXFkgfJJU.webp	252954	image/png
dakshsethi	https://dakshsethi.framer.website/	https://framerusercontent.com/images/srH3KR3kveJmdp69Cy8hYz7WwVE.jpg	/Users/dakshsethi/Projects/guby-rogers/docs/from-previous-attempt/ui-preview/assets/from-framer/dakshsethi/all/srH3KR3kveJmdp69Cy8hYz7WwVE.jpg	493832	image/jpeg
dakshsethi	https://dakshsethi.framer.website/	https://framerusercontent.com/images/tpNZflnoDJD0yy1LDVRu1fa88CI.png	/Users/dakshsethi/Projects/guby-rogers/docs/from-previous-attempt/ui-preview/assets/from-framer/dakshsethi/all/tpNZflnoDJD0yy1LDVRu1fa88CI.png	166990	image/png
dakshsethi	https://dakshsethi.framer.website/	https://framerusercontent.com/images/uU3Hlm6fpc7AjhDsYTfLhOdRVnk.jpg	/Users/dakshsethi/Projects/guby-rogers/docs/from-previous-attempt/ui-preview/assets/from-framer/dakshsethi/all/uU3Hlm6fpc7AjhDsYTfLhOdRVnk.jpg	498071	image/jpeg
dakshsethi	https://dakshsethi.framer.website/	https://framerusercontent.com/images/v3b9F6EEOki5JXV5kGaaBGps4.jpg	/Users/dakshsethi/Projects/guby-rogers/docs/from-previous-attempt/ui-preview/assets/from-framer/dakshsethi/all/v3b9F6EEOki5JXV5kGaaBGps4.jpg	126424	image/jpeg
dakshsethi	https://dakshsethi.framer.website/	https://framerusercontent.com/images/vGhM4aShtrIPqDyfv3fkV4Y4Wd4.png	/Users/dakshsethi/Projects/guby-rogers/docs/from-previous-attempt/ui-preview/assets/from-framer/dakshsethi/all/vGhM4aShtrIPqDyfv3fkV4Y4Wd4.png	255015	image/png
dakshsethi	https://dakshsethi.framer.website/	https://framerusercontent.com/images/wE2vA20uKdEE8XMLKunzeGPtic.png	/Users/dakshsethi/Projects/guby-rogers/docs/from-previous-attempt/ui-preview/assets/from-framer/dakshsethi/all/wE2vA20uKdEE8XMLKunzeGPtic.png	89365	image/png
dakshsethi	https://dakshsethi.framer.website/	https://framerusercontent.com/images/wnS95oba5mHnenW8ZzxKINq6c.jpg	/Users/dakshsethi/Projects/guby-rogers/docs/from-previous-attempt/ui-preview/assets/from-framer/dakshsethi/all/wnS95oba5mHnenW8ZzxKINq6c.jpg	315939	image/png
dakshsethi	https://dakshsethi.framer.website/	https://framerusercontent.com/images/xTJGdLv9OKabPxaNKIdA1sqzHZM.jpg	/Users/dakshsethi/Projects/guby-rogers/docs/from-previous-attempt/ui-preview/assets/from-framer/dakshsethi/all/xTJGdLv9OKabPxaNKIdA1sqzHZM.jpg	43316	image/jpeg
dakshsethi	https://dakshsethi.framer.website/	https://framerusercontent.com/images/zJKi7sGlclJZaufb107RD4gINlc.jpg	/Users/dakshsethi/Projects/guby-rogers/docs/from-previous-attempt/ui-preview/assets/from-framer/dakshsethi/all/zJKi7sGlclJZaufb107RD4gINlc.jpg	25737	image/png
dakshsethi	https://dakshsethi.framer.website/	https://framerusercontent.com/images/zW2H8A8WJNqdMfeQDX1YYprO5OQ.png	/Users/dakshsethi/Projects/guby-rogers/docs/from-previous-attempt/ui-preview/assets/from-framer/dakshsethi/all/zW2H8A8WJNqdMfeQDX1YYprO5OQ.png	95294	image/png
dakshsethi	https://dakshsethi.framer.website/	https://framerusercontent.com/sites/bmc1pnAyPiz50OJrU2dHy/7_D-NywLFYDFtwr0wxdcQOk9BGmXHHpREI9sr2tUpY4.DC65JTCD.mjs	/Users/dakshsethi/Projects/guby-rogers/docs/from-previous-attempt/ui-preview/assets/from-framer/dakshsethi/all/7_D-NywLFYDFtwr0wxdcQOk9BGmXHHpREI9sr2tUpY4.DC65JTCD.mjs	287749	text/javascript
dakshsethi	https://dakshsethi.framer.website/	https://framerusercontent.com/sites/bmc1pnAyPiz50OJrU2dHy/chunk-7ET5OUGP.mjs	/Users/dakshsethi/Projects/guby-rogers/docs/from-previous-attempt/ui-preview/assets/from-framer/dakshsethi/all/chunk-7ET5OUGP.mjs	195190	text/javascript
dakshsethi	https://dakshsethi.framer.website/	https://framerusercontent.com/sites/bmc1pnAyPiz50OJrU2dHy/chunk-KWI7S4HF.mjs	/Users/dakshsethi/Projects/guby-rogers/docs/from-previous-attempt/ui-preview/assets/from-framer/dakshsethi/all/chunk-KWI7S4HF.mjs	1071	text/javascript
dakshsethi	https://dakshsethi.framer.website/	https://framerusercontent.com/sites/bmc1pnAyPiz50OJrU2dHy/chunk-RHNBKPM4.mjs	/Users/dakshsethi/Projects/guby-rogers/docs/from-previous-attempt/ui-preview/assets/from-framer/dakshsethi/all/chunk-RHNBKPM4.mjs	64595	text/javascript
dakshsethi	https://dakshsethi.framer.website/	https://framerusercontent.com/sites/bmc1pnAyPiz50OJrU2dHy/chunk-RUGOKCB6.mjs	/Users/dakshsethi/Projects/guby-rogers/docs/from-previous-attempt/ui-preview/assets/from-framer/dakshsethi/all/chunk-RUGOKCB6.mjs	495	text/javascript
dakshsethi	https://dakshsethi.framer.website/	https://framerusercontent.com/sites/bmc1pnAyPiz50OJrU2dHy/chunk-Y5FTINFI.mjs	/Users/dakshsethi/Projects/guby-rogers/docs/from-previous-attempt/ui-preview/assets/from-framer/dakshsethi/all/chunk-Y5FTINFI.mjs	454	text/javascript
dakshsethi	https://dakshsethi.framer.website/	https://framerusercontent.com/sites/bmc1pnAyPiz50OJrU2dHy/chunk-YAI24JVM.mjs	/Users/dakshsethi/Projects/guby-rogers/docs/from-previous-attempt/ui-preview/assets/from-framer/dakshsethi/all/chunk-YAI24JVM.mjs	34637	text/javascript
dakshsethi	https://dakshsethi.framer.website/	https://framerusercontent.com/sites/bmc1pnAyPiz50OJrU2dHy/chunk-YZQCXVKG.mjs	/Users/dakshsethi/Projects/guby-rogers/docs/from-previous-attempt/ui-preview/assets/from-framer/dakshsethi/all/chunk-YZQCXVKG.mjs	672008	text/javascript
dakshsethi	https://dakshsethi.framer.website/	https://framerusercontent.com/sites/bmc1pnAyPiz50OJrU2dHy/chunk-ZEXZ446U.mjs	/Users/dakshsethi/Projects/guby-rogers/docs/from-previous-attempt/ui-preview/assets/from-framer/dakshsethi/all/chunk-ZEXZ446U.mjs	95199	text/javascript
dakshsethi	https://dakshsethi.framer.website/	https://framerusercontent.com/sites/bmc1pnAyPiz50OJrU2dHy/script_main.OSSOSN67.mjs	/Users/dakshsethi/Projects/guby-rogers/docs/from-previous-attempt/ui-preview/assets/from-framer/dakshsethi/all/script_main.OSSOSN67.mjs	3369	text/javascript
dakshsethi	https://dakshsethi.framer.website/	https://framerusercontent.com/sites/bmc1pnAyPiz50OJrU2dHy/searchIndex--QyYNg1qVtY0.json	/Users/dakshsethi/Projects/guby-rogers/docs/from-previous-attempt/ui-preview/assets/from-framer/dakshsethi/all/searchIndex--QyYNg1qVtY0.json	38441	application/json
dakshsethi	https://dakshsethi.framer.website/courses	https://framerusercontent.com/images/19uYalzzv2XD6KCFuxP6JnZkxko.jpg	/Users/dakshsethi/Projects/guby-rogers/docs/from-previous-attempt/ui-preview/assets/from-framer/dakshsethi/all/19uYalzzv2XD6KCFuxP6JnZkxko.jpg	79566	image/jpeg
dakshsethi	https://dakshsethi.framer.website/courses	https://framerusercontent.com/images/98uo6P0MOwayBwFhDTypb47kkbk.jpg	/Users/dakshsethi/Projects/guby-rogers/docs/from-previous-attempt/ui-preview/assets/from-framer/dakshsethi/all/98uo6P0MOwayBwFhDTypb47kkbk.jpg	78575	image/jpeg
dakshsethi	https://dakshsethi.framer.website/courses	https://framerusercontent.com/images/9LOi6V4TvXiMykpnmzZRFvOrjc.jpg	/Users/dakshsethi/Projects/guby-rogers/docs/from-previous-attempt/ui-preview/assets/from-framer/dakshsethi/all/9LOi6V4TvXiMykpnmzZRFvOrjc.jpg	83931	image/jpeg
dakshsethi	https://dakshsethi.framer.website/courses	https://framerusercontent.com/images/HOqW2Hce0C3YMOiZjHVsYmKDBc.jpg	/Users/dakshsethi/Projects/guby-rogers/docs/from-previous-attempt/ui-preview/assets/from-framer/dakshsethi/all/HOqW2Hce0C3YMOiZjHVsYmKDBc.jpg	162696	image/jpeg
dakshsethi	https://dakshsethi.framer.website/courses	https://framerusercontent.com/images/Mwmjn5eEbQwJsGwTTs7ssNy6ME4.png	/Users/dakshsethi/Projects/guby-rogers/docs/from-previous-attempt/ui-preview/assets/from-framer/dakshsethi/all/Mwmjn5eEbQwJsGwTTs7ssNy6ME4.png	44681	image/png
dakshsethi	https://dakshsethi.framer.website/courses	https://framerusercontent.com/images/VpyvuTXA16hXF7cePSyLxqx8k.png	/Users/dakshsethi/Projects/guby-rogers/docs/from-previous-attempt/ui-preview/assets/from-framer/dakshsethi/all/VpyvuTXA16hXF7cePSyLxqx8k.png	370436	image/png
dakshsethi	https://dakshsethi.framer.website/courses	https://framerusercontent.com/images/ZUQFMKoNqMYieuG1D0OPbVvvtBg.jpg	/Users/dakshsethi/Projects/guby-rogers/docs/from-previous-attempt/ui-preview/assets/from-framer/dakshsethi/all/ZUQFMKoNqMYieuG1D0OPbVvvtBg.jpg	82650	image/jpeg
dakshsethi	https://dakshsethi.framer.website/courses	https://framerusercontent.com/images/jGry3aT3Ow8fxOdJPAInMHC6Ezo.png	/Users/dakshsethi/Projects/guby-rogers/docs/from-previous-attempt/ui-preview/assets/from-framer/dakshsethi/all/jGry3aT3Ow8fxOdJPAInMHC6Ezo.png	328243	image/png
dakshsethi	https://dakshsethi.framer.website/courses	https://framerusercontent.com/sites/bmc1pnAyPiz50OJrU2dHy/chunk-AW34GPCM.mjs	/Users/dakshsethi/Projects/guby-rogers/docs/from-previous-attempt/ui-preview/assets/from-framer/dakshsethi/all/chunk-AW34GPCM.mjs	781	text/javascript
dakshsethi	https://dakshsethi.framer.website/courses	https://framerusercontent.com/sites/bmc1pnAyPiz50OJrU2dHy/chunk-BLP3PMDX.mjs	/Users/dakshsethi/Projects/guby-rogers/docs/from-previous-attempt/ui-preview/assets/from-framer/dakshsethi/all/chunk-BLP3PMDX.mjs	117776	text/javascript
dakshsethi	https://dakshsethi.framer.website/courses	https://framerusercontent.com/sites/bmc1pnAyPiz50OJrU2dHy/sQt5_NrLLaDZrkjB4fb90_iswMxzfk6esjUnD2w-R-Y.SVOGAEDO.mjs	/Users/dakshsethi/Projects/guby-rogers/docs/from-previous-attempt/ui-preview/assets/from-framer/dakshsethi/all/sQt5_NrLLaDZrkjB4fb90_iswMxzfk6esjUnD2w-R-Y.SVOGAEDO.mjs	182353	text/javascript
dakshsethi	https://dakshsethi.framer.website/courses/interview-masterclass	https://framerusercontent.com/assets/XZrEbUQbYIYSEWFj6New7bfu5Tw.png	/Users/dakshsethi/Projects/guby-rogers/docs/from-previous-attempt/ui-preview/assets/from-framer/dakshsethi/all/XZrEbUQbYIYSEWFj6New7bfu5Tw.png	62403	image/png
dakshsethi	https://dakshsethi.framer.website/courses/interview-masterclass	https://framerusercontent.com/images/SdgD0aA4gfGBU8V6rJWjYPrzoo.png	/Users/dakshsethi/Projects/guby-rogers/docs/from-previous-attempt/ui-preview/assets/from-framer/dakshsethi/all/SdgD0aA4gfGBU8V6rJWjYPrzoo.png	39788	image/png
dakshsethi	https://dakshsethi.framer.website/courses/interview-masterclass	https://framerusercontent.com/images/TfYSsIMCyegv5z8aJTsk6gbpzU4.png	/Users/dakshsethi/Projects/guby-rogers/docs/from-previous-attempt/ui-preview/assets/from-framer/dakshsethi/all/TfYSsIMCyegv5z8aJTsk6gbpzU4.png	36211	image/png
dakshsethi	https://dakshsethi.framer.website/courses/interview-masterclass	https://framerusercontent.com/images/gmx1sLmFYSyxfrnXgGhV9GLM.png	/Users/dakshsethi/Projects/guby-rogers/docs/from-previous-attempt/ui-preview/assets/from-framer/dakshsethi/all/gmx1sLmFYSyxfrnXgGhV9GLM.png	31848	image/png
dakshsethi	https://dakshsethi.framer.website/courses/interview-masterclass	https://framerusercontent.com/images/jrQuBkwIxfDD4IeysAT6qcgJQ.png	/Users/dakshsethi/Projects/guby-rogers/docs/from-previous-attempt/ui-preview/assets/from-framer/dakshsethi/all/jrQuBkwIxfDD4IeysAT6qcgJQ.png	30858	image/png
dakshsethi	https://dakshsethi.framer.website/courses/interview-masterclass	https://framerusercontent.com/images/nq8TrB7KEET9RwyU0yJflFVEnU.jpg	/Users/dakshsethi/Projects/guby-rogers/docs/from-previous-attempt/ui-preview/assets/from-framer/dakshsethi/all/nq8TrB7KEET9RwyU0yJflFVEnU.jpg	146280	image/jpeg
dakshsethi	https://dakshsethi.framer.website/courses/interview-masterclass	https://framerusercontent.com/images/s70HXZDmTt6pbWzcSBlf2dAk1wk.png	/Users/dakshsethi/Projects/guby-rogers/docs/from-previous-attempt/ui-preview/assets/from-framer/dakshsethi/all/s70HXZDmTt6pbWzcSBlf2dAk1wk.png	34222	image/png
dakshsethi	https://dakshsethi.framer.website/courses/interview-masterclass	https://framerusercontent.com/sites/bmc1pnAyPiz50OJrU2dHy/PDA2y8YnGOBF_eY4hLVoCJbXodBBdsposZ_tKCDRwMY.Z3MYN2YB.mjs	/Users/dakshsethi/Projects/guby-rogers/docs/from-previous-attempt/ui-preview/assets/from-framer/dakshsethi/all/PDA2y8YnGOBF_eY4hLVoCJbXodBBdsposZ_tKCDRwMY.Z3MYN2YB.mjs	26318	text/javascript
dakshsethi	https://dakshsethi.framer.website/courses/interview-masterclass	https://framerusercontent.com/sites/bmc1pnAyPiz50OJrU2dHy/chunk-AETGQASR.mjs	/Users/dakshsethi/Projects/guby-rogers/docs/from-previous-attempt/ui-preview/assets/from-framer/dakshsethi/all/chunk-AETGQASR.mjs	1079	text/javascript
dakshsethi	https://dakshsethi.framer.website/courses/interview-masterclass	https://framerusercontent.com/sites/bmc1pnAyPiz50OJrU2dHy/chunk-H2ZXIUHR.mjs	/Users/dakshsethi/Projects/guby-rogers/docs/from-previous-attempt/ui-preview/assets/from-framer/dakshsethi/all/chunk-H2ZXIUHR.mjs	290093	text/javascript
dakshsethi	https://dakshsethi.framer.website/courses/the-wolf-of-wall-street	https://framerusercontent.com/sites/bmc1pnAyPiz50OJrU2dHy/KURb9j9jJaYhCCMuCPuEcnrHSUQr1Hi9DnxHwLPBSgU.K6ZPTV3C.mjs	/Users/dakshsethi/Projects/guby-rogers/docs/from-previous-attempt/ui-preview/assets/from-framer/dakshsethi/all/KURb9j9jJaYhCCMuCPuEcnrHSUQr1Hi9DnxHwLPBSgU.K6ZPTV3C.mjs	25404	text/javascript
dakshsethi	https://dakshsethi.framer.website/courses/the-wolf-of-wall-street	https://framerusercontent.com/sites/bmc1pnAyPiz50OJrU2dHy/chunk-H2IZKQAQ.mjs	/Users/dakshsethi/Projects/guby-rogers/docs/from-previous-attempt/ui-preview/assets/from-framer/dakshsethi/all/chunk-H2IZKQAQ.mjs	1077	text/javascript
dakshsethi	https://dakshsethi.framer.website/courses/interview-mastery-course	https://framerusercontent.com/sites/bmc1pnAyPiz50OJrU2dHy/KX0oDqaZQG9I_8MSXCtz_Zf5MRzpBoPjTBqa6iP_2tQ.F53G4QU7.mjs	/Users/dakshsethi/Projects/guby-rogers/docs/from-previous-attempt/ui-preview/assets/from-framer/dakshsethi/all/KX0oDqaZQG9I_8MSXCtz_Zf5MRzpBoPjTBqa6iP_2tQ.F53G4QU7.mjs	24414	text/javascript
dakshsethi	https://dakshsethi.framer.website/courses/interview-mastery-course	https://framerusercontent.com/sites/bmc1pnAyPiz50OJrU2dHy/chunk-YE6B3FOH.mjs	/Users/dakshsethi/Projects/guby-rogers/docs/from-previous-attempt/ui-preview/assets/from-framer/dakshsethi/all/chunk-YE6B3FOH.mjs	1050	text/javascript
dakshsethi	https://dakshsethi.framer.website/contact-us	https://framerusercontent.com/sites/bmc1pnAyPiz50OJrU2dHy/9y2SBnyKEZVUTvMP1CZ_OXjcsUPzQjnBsu00EkoUL0I.FPRGY4EX.mjs	/Users/dakshsethi/Projects/guby-rogers/docs/from-previous-attempt/ui-preview/assets/from-framer/dakshsethi/all/9y2SBnyKEZVUTvMP1CZ_OXjcsUPzQjnBsu00EkoUL0I.FPRGY4EX.mjs	27909	text/javascript
dakshsethi	https://dakshsethi.framer.website/contact-us	https://framerusercontent.com/sites/bmc1pnAyPiz50OJrU2dHy/chunk-VBPPD4S7.mjs	/Users/dakshsethi/Projects/guby-rogers/docs/from-previous-attempt/ui-preview/assets/from-framer/dakshsethi/all/chunk-VBPPD4S7.mjs	1073	text/javascript
dakshsethi	https://dakshsethi.framer.website/privacy-policy	https://framerusercontent.com/sites/bmc1pnAyPiz50OJrU2dHy/K1CN7AUM-t4KtBq40vkbkpwkAod1HQciqBvJFw9vYRg.VOAHKHMG.mjs	/Users/dakshsethi/Projects/guby-rogers/docs/from-previous-attempt/ui-preview/assets/from-framer/dakshsethi/all/K1CN7AUM-t4KtBq40vkbkpwkAod1HQciqBvJFw9vYRg.VOAHKHMG.mjs	53207	text/javascript
dakshsethi	https://dakshsethi.framer.website/privacy-policy	https://framerusercontent.com/sites/bmc1pnAyPiz50OJrU2dHy/chunk-SCBOAPY7.mjs	/Users/dakshsethi/Projects/guby-rogers/docs/from-previous-attempt/ui-preview/assets/from-framer/dakshsethi/all/chunk-SCBOAPY7.mjs	736	text/javascript
gubyrogers	https://gubyrogers.framer.website/	https://framerusercontent.com/images/BEZ84A7d33lrmgVMel4SkKufbs.png	/Users/dakshsethi/Projects/guby-rogers/docs/from-previous-attempt/ui-preview/assets/from-framer/gubyrogers/all/BEZ84A7d33lrmgVMel4SkKufbs.png	12743	image/png
gubyrogers	https://gubyrogers.framer.website/	https://framerusercontent.com/images/JQmd6Lfe8Q7HQx7fGEOwHe724.png	/Users/dakshsethi/Projects/guby-rogers/docs/from-previous-attempt/ui-preview/assets/from-framer/gubyrogers/all/JQmd6Lfe8Q7HQx7fGEOwHe724.png	14219	image/png
gubyrogers	https://gubyrogers.framer.website/	https://framerusercontent.com/images/L249EKiihA77Z6UEVUgCHqBOg.png	/Users/dakshsethi/Projects/guby-rogers/docs/from-previous-attempt/ui-preview/assets/from-framer/gubyrogers/all/L249EKiihA77Z6UEVUgCHqBOg.png	12888	image/png
gubyrogers	https://gubyrogers.framer.website/	https://framerusercontent.com/images/NvG1X7dHIvs3YieXKZYBFlG33UM.png	/Users/dakshsethi/Projects/guby-rogers/docs/from-previous-attempt/ui-preview/assets/from-framer/gubyrogers/all/NvG1X7dHIvs3YieXKZYBFlG33UM.png	11588	image/png
gubyrogers	https://gubyrogers.framer.website/	https://framerusercontent.com/images/ZzQDGMIRtYIwfAgXjmftV6dapEg.png	/Users/dakshsethi/Projects/guby-rogers/docs/from-previous-attempt/ui-preview/assets/from-framer/gubyrogers/all/ZzQDGMIRtYIwfAgXjmftV6dapEg.png	5917	image/png
gubyrogers	https://gubyrogers.framer.website/	https://framerusercontent.com/images/rqDvk7tfdM5EWWgXk0s65JdTLhw.png	/Users/dakshsethi/Projects/guby-rogers/docs/from-previous-attempt/ui-preview/assets/from-framer/gubyrogers/all/rqDvk7tfdM5EWWgXk0s65JdTLhw.png	14476	image/png
gubyrogers	https://gubyrogers.framer.website/	https://framerusercontent.com/images/vPCNFNNCSHKNhHdn5GkgdbECANE.png	/Users/dakshsethi/Projects/guby-rogers/docs/from-previous-attempt/ui-preview/assets/from-framer/gubyrogers/all/vPCNFNNCSHKNhHdn5GkgdbECANE.png	11582	image/png
gubyrogers	https://gubyrogers.framer.website/	https://framerusercontent.com/sites/6b7lIn3VnNgbvIzMaZyqsF/chunk-6QH5GMAK.mjs	/Users/dakshsethi/Projects/guby-rogers/docs/from-previous-attempt/ui-preview/assets/from-framer/gubyrogers/all/chunk-6QH5GMAK.mjs	979	text/javascript
gubyrogers	https://gubyrogers.framer.website/	https://framerusercontent.com/sites/6b7lIn3VnNgbvIzMaZyqsF/chunk-7N4ANA2M.mjs	/Users/dakshsethi/Projects/guby-rogers/docs/from-previous-attempt/ui-preview/assets/from-framer/gubyrogers/all/chunk-7N4ANA2M.mjs	34264	text/javascript
gubyrogers	https://gubyrogers.framer.website/	https://framerusercontent.com/sites/6b7lIn3VnNgbvIzMaZyqsF/chunk-DICQR4D4.mjs	/Users/dakshsethi/Projects/guby-rogers/docs/from-previous-attempt/ui-preview/assets/from-framer/gubyrogers/all/chunk-DICQR4D4.mjs	39424	text/javascript
gubyrogers	https://gubyrogers.framer.website/	https://framerusercontent.com/sites/6b7lIn3VnNgbvIzMaZyqsF/chunk-EPMJA55E.mjs	/Users/dakshsethi/Projects/guby-rogers/docs/from-previous-attempt/ui-preview/assets/from-framer/gubyrogers/all/chunk-EPMJA55E.mjs	671627	text/javascript
gubyrogers	https://gubyrogers.framer.website/	https://framerusercontent.com/sites/6b7lIn3VnNgbvIzMaZyqsF/chunk-NMGCTG6C.mjs	/Users/dakshsethi/Projects/guby-rogers/docs/from-previous-attempt/ui-preview/assets/from-framer/gubyrogers/all/chunk-NMGCTG6C.mjs	99153	text/javascript
gubyrogers	https://gubyrogers.framer.website/	https://framerusercontent.com/sites/6b7lIn3VnNgbvIzMaZyqsF/chunk-RV7X5JIH.mjs	/Users/dakshsethi/Projects/guby-rogers/docs/from-previous-attempt/ui-preview/assets/from-framer/gubyrogers/all/chunk-RV7X5JIH.mjs	41595	text/javascript
gubyrogers	https://gubyrogers.framer.website/	https://framerusercontent.com/sites/6b7lIn3VnNgbvIzMaZyqsF/chunk-UECH2GKD.mjs	/Users/dakshsethi/Projects/guby-rogers/docs/from-previous-attempt/ui-preview/assets/from-framer/gubyrogers/all/chunk-UECH2GKD.mjs	7348	text/javascript
gubyrogers	https://gubyrogers.framer.website/	https://framerusercontent.com/sites/6b7lIn3VnNgbvIzMaZyqsF/chunk-WDU6EZXW.mjs	/Users/dakshsethi/Projects/guby-rogers/docs/from-previous-attempt/ui-preview/assets/from-framer/gubyrogers/all/chunk-WDU6EZXW.mjs	18004	text/javascript
gubyrogers	https://gubyrogers.framer.website/	https://framerusercontent.com/sites/6b7lIn3VnNgbvIzMaZyqsF/chunk-Y5FTINFI.mjs	/Users/dakshsethi/Projects/guby-rogers/docs/from-previous-attempt/ui-preview/assets/from-framer/gubyrogers/all/chunk-Y5FTINFI.mjs	454	text/javascript
gubyrogers	https://gubyrogers.framer.website/	https://framerusercontent.com/sites/6b7lIn3VnNgbvIzMaZyqsF/script_main.5HOQ46WR.mjs	/Users/dakshsethi/Projects/guby-rogers/docs/from-previous-attempt/ui-preview/assets/from-framer/gubyrogers/all/script_main.5HOQ46WR.mjs	4356	text/javascript
gubyrogers	https://gubyrogers.framer.website/	https://framerusercontent.com/sites/6b7lIn3VnNgbvIzMaZyqsF/searchIndex-nZuALNTeWDa_.json	/Users/dakshsethi/Projects/guby-rogers/docs/from-previous-attempt/ui-preview/assets/from-framer/gubyrogers/all/searchIndex-nZuALNTeWDa_.json	33990	application/json
gubyrogers	https://gubyrogers.framer.website/	https://framerusercontent.com/sites/6b7lIn3VnNgbvIzMaZyqsF/uJZ-64U6Qzgw_DR_53ZZiQHcxRVbCuE-MuR6ouiHHOE.INA3KWAP.mjs	/Users/dakshsethi/Projects/guby-rogers/docs/from-previous-attempt/ui-preview/assets/from-framer/gubyrogers/all/uJZ-64U6Qzgw_DR_53ZZiQHcxRVbCuE-MuR6ouiHHOE.INA3KWAP.mjs	199480	text/javascript
gubyrogers	https://gubyrogers.framer.website/	https://framerusercontent.com/third-party-assets/fontshare/wf/57U2OK2BISA74Z4RT4CRD5GR4O3PNVPY/K4TDAPUNBYK24HOCNW4JIOTEXSAE2BEF/GV5XODI2YD2DJA5RVTMJOSDHYESL7IYT.woff2	/Users/dakshsethi/Projects/guby-rogers/docs/from-previous-attempt/ui-preview/assets/from-framer/gubyrogers/all/GV5XODI2YD2DJA5RVTMJOSDHYESL7IYT.woff2	42064	application/octet-stream
gubyrogers	https://gubyrogers.framer.website/	https://framerusercontent.com/third-party-assets/fontshare/wf/DG3FNZZAXTT6HZWYCQT3SK2X2XDKA6XH/KWXXWQ4T72VNT2BQDELHDOCDISYUBIWM/XMNYCZFXUH3EYMLHCQEDXUTZTCNGZHL5.woff2	/Users/dakshsethi/Projects/guby-rogers/docs/from-previous-attempt/ui-preview/assets/from-framer/gubyrogers/all/XMNYCZFXUH3EYMLHCQEDXUTZTCNGZHL5.woff2	42036	application/octet-stream
gubyrogers	https://gubyrogers.framer.website/	https://framerusercontent.com/third-party-assets/fontshare/wf/NAXD52YSGGWHG2O3UYDOQMBTGH2T3GOJ/KJR2KBNMDZGEDUM4DAXX6JZXDONO3HYI/YHCPJQLRTHA5M27N4NKCG62G36AMZWR3.woff2	/Users/dakshsethi/Projects/guby-rogers/docs/from-previous-attempt/ui-preview/assets/from-framer/gubyrogers/all/YHCPJQLRTHA5M27N4NKCG62G36AMZWR3.woff2	42120	application/octet-stream
gubyrogers	https://gubyrogers.framer.website/	https://framerusercontent.com/third-party-assets/fontshare/wf/SAN5R64FWIVFORP4WVC3CUWKVFW5RHIK/UD55RA7DUWTH5XPZW4EHUQM55A336HJM/S4O37S64HMSIEYH2NGDT3USGGWAVV4BT.woff2	/Users/dakshsethi/Projects/guby-rogers/docs/from-previous-attempt/ui-preview/assets/from-framer/gubyrogers/all/S4O37S64HMSIEYH2NGDT3USGGWAVV4BT.woff2	40716	application/octet-stream
gubyrogers	https://gubyrogers.framer.website/	https://framerusercontent.com/third-party-assets/fontshare/wf/UABF25CCX23LBLOOMOCUSPFEXYUNKOIQ/NGF5IU7BZUA2FUOVWECHGUFSHNEIX4YK/QDINYT7WQXBD2IDFQGGJ74DWIUFHOOZD.woff2	/Users/dakshsethi/Projects/guby-rogers/docs/from-previous-attempt/ui-preview/assets/from-framer/gubyrogers/all/QDINYT7WQXBD2IDFQGGJ74DWIUFHOOZD.woff2	42032	application/octet-stream
gubyrogers	https://gubyrogers.framer.website/	https://framerusercontent.com/third-party-assets/fontshare/wf/UCVXDNZGT5A6V6IG4FWRDHOLGWGQQV4M/TH4CJJ2LCTVPQVYTQSEXOUCHE4FDIZON/LPCI46BISLFAK3QOD4U4IAMRBITTSFAP.woff2	/Users/dakshsethi/Projects/guby-rogers/docs/from-previous-attempt/ui-preview/assets/from-framer/gubyrogers/all/LPCI46BISLFAK3QOD4U4IAMRBITTSFAP.woff2	41628	application/octet-stream
gubyrogers	https://gubyrogers.framer.website/	https://framerusercontent.com/third-party-assets/fontshare/wf/XU3SIPSTILVUEE57N33LI57RHN4LESB2/NYZOFSLOXP2NLUPPPC3HSJFYFAYFD5WF/MRD5H7VGACV27ZK3D773YPWKUWZ5UTUZ.woff2	/Users/dakshsethi/Projects/guby-rogers/docs/from-previous-attempt/ui-preview/assets/from-framer/gubyrogers/all/MRD5H7VGACV27ZK3D773YPWKUWZ5UTUZ.woff2	41200	application/octet-stream
gubyrogers	https://gubyrogers.framer.website/global	https://framerusercontent.com/assets/GESyP0f1T2C1lPlJQjO1gGsEZuw.jpeg	/Users/dakshsethi/Projects/guby-rogers/docs/from-previous-attempt/ui-preview/assets/from-framer/gubyrogers/all/GESyP0f1T2C1lPlJQjO1gGsEZuw.jpeg	83849	image/jpeg
gubyrogers	https://gubyrogers.framer.website/global	https://framerusercontent.com/images/EDNOMR209iziphBJCBZRklHxLfg.png	/Users/dakshsethi/Projects/guby-rogers/docs/from-previous-attempt/ui-preview/assets/from-framer/gubyrogers/all/EDNOMR209iziphBJCBZRklHxLfg.png	28707	image/png
gubyrogers	https://gubyrogers.framer.website/global	https://framerusercontent.com/images/EGZjJvEPSDVH76dMzGnjaO8kTA.jpg	/Users/dakshsethi/Projects/guby-rogers/docs/from-previous-attempt/ui-preview/assets/from-framer/gubyrogers/all/EGZjJvEPSDVH76dMzGnjaO8kTA.jpg	1203283	image/jpeg
gubyrogers	https://gubyrogers.framer.website/global	https://framerusercontent.com/images/TcYUdnR0x93nbyDFBwGGTZYCsBg.jpg	/Users/dakshsethi/Projects/guby-rogers/docs/from-previous-attempt/ui-preview/assets/from-framer/gubyrogers/all/TcYUdnR0x93nbyDFBwGGTZYCsBg.jpg	2293772	image/jpeg
gubyrogers	https://gubyrogers.framer.website/global	https://framerusercontent.com/images/qbeCMuYV9dzj3Hy69KMkDuWFPA.jpg	/Users/dakshsethi/Projects/guby-rogers/docs/from-previous-attempt/ui-preview/assets/from-framer/gubyrogers/all/qbeCMuYV9dzj3Hy69KMkDuWFPA.jpg	2219275	image/jpeg
gubyrogers	https://gubyrogers.framer.website/global	https://framerusercontent.com/images/v6raoXCCXPcRFj3ixE9y3xdQ1M.png	/Users/dakshsethi/Projects/guby-rogers/docs/from-previous-attempt/ui-preview/assets/from-framer/gubyrogers/all/v6raoXCCXPcRFj3ixE9y3xdQ1M.png	58240	image/png
gubyrogers	https://gubyrogers.framer.website/global	https://framerusercontent.com/images/zEFgaZGlRa8XJaeJnCj47lbvh3I.png	/Users/dakshsethi/Projects/guby-rogers/docs/from-previous-attempt/ui-preview/assets/from-framer/gubyrogers/all/zEFgaZGlRa8XJaeJnCj47lbvh3I.png	42663	image/png
gubyrogers	https://gubyrogers.framer.website/global	https://framerusercontent.com/sites/6b7lIn3VnNgbvIzMaZyqsF/chunk-ARVHD3HZ.mjs	/Users/dakshsethi/Projects/guby-rogers/docs/from-previous-attempt/ui-preview/assets/from-framer/gubyrogers/all/chunk-ARVHD3HZ.mjs	320	text/javascript
gubyrogers	https://gubyrogers.framer.website/global	https://framerusercontent.com/sites/6b7lIn3VnNgbvIzMaZyqsF/chunk-BAORNQKX.mjs	/Users/dakshsethi/Projects/guby-rogers/docs/from-previous-attempt/ui-preview/assets/from-framer/gubyrogers/all/chunk-BAORNQKX.mjs	850	text/javascript
gubyrogers	https://gubyrogers.framer.website/global	https://framerusercontent.com/sites/6b7lIn3VnNgbvIzMaZyqsF/iRe6ylxJwTRU6mgCOn5RocZVkkPBCnB9TL-GknhQpo8.EEO6A4YX.mjs	/Users/dakshsethi/Projects/guby-rogers/docs/from-previous-attempt/ui-preview/assets/from-framer/gubyrogers/all/iRe6ylxJwTRU6mgCOn5RocZVkkPBCnB9TL-GknhQpo8.EEO6A4YX.mjs	370805	text/javascript
gubyrogers	https://gubyrogers.framer.website/ventures	https://framerusercontent.com/assets/ZigYwW5MXNRezE10At8rXFBcQ.jpeg	/Users/dakshsethi/Projects/guby-rogers/docs/from-previous-attempt/ui-preview/assets/from-framer/gubyrogers/all/ZigYwW5MXNRezE10At8rXFBcQ.jpeg	87274	image/jpeg
gubyrogers	https://gubyrogers.framer.website/ventures	https://framerusercontent.com/images/4SYvJc7ndOZfiiwjg2cDPn8N15s.jpg	/Users/dakshsethi/Projects/guby-rogers/docs/from-previous-attempt/ui-preview/assets/from-framer/gubyrogers/all/4SYvJc7ndOZfiiwjg2cDPn8N15s.jpg	17212	image/jpeg
gubyrogers	https://gubyrogers.framer.website/ventures	https://framerusercontent.com/images/5NPOY4dKl7ZxgdZth79uvFv7I.jpg	/Users/dakshsethi/Projects/guby-rogers/docs/from-previous-attempt/ui-preview/assets/from-framer/gubyrogers/all/5NPOY4dKl7ZxgdZth79uvFv7I.jpg	55944	image/png
gubyrogers	https://gubyrogers.framer.website/ventures	https://framerusercontent.com/images/IADiaS9eJjVadxdypeuT786DHL0.png	/Users/dakshsethi/Projects/guby-rogers/docs/from-previous-attempt/ui-preview/assets/from-framer/gubyrogers/all/IADiaS9eJjVadxdypeuT786DHL0.png	219559	image/png
gubyrogers	https://gubyrogers.framer.website/ventures	https://framerusercontent.com/images/JTqN8UC3xKZ8lHTw3IAJMNBsJg.png	/Users/dakshsethi/Projects/guby-rogers/docs/from-previous-attempt/ui-preview/assets/from-framer/gubyrogers/all/JTqN8UC3xKZ8lHTw3IAJMNBsJg.png	2182562	image/png
gubyrogers	https://gubyrogers.framer.website/ventures	https://framerusercontent.com/images/brqDu0orm3sVyxUynpzoQEe9A.jpg	/Users/dakshsethi/Projects/guby-rogers/docs/from-previous-attempt/ui-preview/assets/from-framer/gubyrogers/all/brqDu0orm3sVyxUynpzoQEe9A.jpg	16954	image/jpeg
gubyrogers	https://gubyrogers.framer.website/ventures	https://framerusercontent.com/images/c42QVzvKs3hIRVozpdnS4WZGxo.jpg	/Users/dakshsethi/Projects/guby-rogers/docs/from-previous-attempt/ui-preview/assets/from-framer/gubyrogers/all/c42QVzvKs3hIRVozpdnS4WZGxo.jpg	57990	image/jpeg
gubyrogers	https://gubyrogers.framer.website/ventures	https://framerusercontent.com/images/gd47rcsh1VdeHqxomCofr2iJ5LQ.jpg	/Users/dakshsethi/Projects/guby-rogers/docs/from-previous-attempt/ui-preview/assets/from-framer/gubyrogers/all/gd47rcsh1VdeHqxomCofr2iJ5LQ.jpg	7216	image/jpeg
gubyrogers	https://gubyrogers.framer.website/ventures	https://framerusercontent.com/images/m3F1mesI8lRPEHEwYT1nQ73tpE.jpg	/Users/dakshsethi/Projects/guby-rogers/docs/from-previous-attempt/ui-preview/assets/from-framer/gubyrogers/all/m3F1mesI8lRPEHEwYT1nQ73tpE.jpg	6300	image/jpeg
gubyrogers	https://gubyrogers.framer.website/ventures	https://framerusercontent.com/images/rBKdBygrqMk9qOrscZ4c2k73Ne4.jpg	/Users/dakshsethi/Projects/guby-rogers/docs/from-previous-attempt/ui-preview/assets/from-framer/gubyrogers/all/rBKdBygrqMk9qOrscZ4c2k73Ne4.jpg	60856	image/jpeg
gubyrogers	https://gubyrogers.framer.website/ventures	https://framerusercontent.com/images/tNsxBHEbGJseZ4VdPih3Wnxwdec.png	/Users/dakshsethi/Projects/guby-rogers/docs/from-previous-attempt/ui-preview/assets/from-framer/gubyrogers/all/tNsxBHEbGJseZ4VdPih3Wnxwdec.png	15684	image/png
gubyrogers	https://gubyrogers.framer.website/ventures	https://framerusercontent.com/images/thfWwzvg1DqJnPd8eXKNCqYCmiE.png	/Users/dakshsethi/Projects/guby-rogers/docs/from-previous-attempt/ui-preview/assets/from-framer/gubyrogers/all/thfWwzvg1DqJnPd8eXKNCqYCmiE.png	49377	image/png
gubyrogers	https://gubyrogers.framer.website/ventures	https://framerusercontent.com/sites/6b7lIn3VnNgbvIzMaZyqsF/H5Cu6JKyNEIe_x4fo53F7hyv3g2FImrNZgcFB8kNArI.D75JAJ6S.mjs	/Users/dakshsethi/Projects/guby-rogers/docs/from-previous-attempt/ui-preview/assets/from-framer/gubyrogers/all/H5Cu6JKyNEIe_x4fo53F7hyv3g2FImrNZgcFB8kNArI.D75JAJ6S.mjs	315371	text/javascript
gubyrogers	https://gubyrogers.framer.website/ventures	https://framerusercontent.com/sites/6b7lIn3VnNgbvIzMaZyqsF/chunk-6FUG2LUK.mjs	/Users/dakshsethi/Projects/guby-rogers/docs/from-previous-attempt/ui-preview/assets/from-framer/gubyrogers/all/chunk-6FUG2LUK.mjs	14465	text/javascript
gubyrogers	https://gubyrogers.framer.website/ventures	https://framerusercontent.com/sites/6b7lIn3VnNgbvIzMaZyqsF/chunk-B6HMBQ4X.mjs	/Users/dakshsethi/Projects/guby-rogers/docs/from-previous-attempt/ui-preview/assets/from-framer/gubyrogers/all/chunk-B6HMBQ4X.mjs	24814	text/javascript
gubyrogers	https://gubyrogers.framer.website/ventures	https://framerusercontent.com/sites/6b7lIn3VnNgbvIzMaZyqsF/chunk-XYEWIL2E.mjs	/Users/dakshsethi/Projects/guby-rogers/docs/from-previous-attempt/ui-preview/assets/from-framer/gubyrogers/all/chunk-XYEWIL2E.mjs	912	text/javascript
gubyrogers	https://gubyrogers.framer.website/academy	https://framerusercontent.com/assets/Lr8YFipnWpickiZ2mPgA9inur0M.jpeg	/Users/dakshsethi/Projects/guby-rogers/docs/from-previous-attempt/ui-preview/assets/from-framer/gubyrogers/all/Lr8YFipnWpickiZ2mPgA9inur0M.jpeg	89220	image/jpeg
gubyrogers	https://gubyrogers.framer.website/academy	https://framerusercontent.com/images/k5zZNSKLsS5TRHgShcRaxQDAVUg.png	/Users/dakshsethi/Projects/guby-rogers/docs/from-previous-attempt/ui-preview/assets/from-framer/gubyrogers/all/k5zZNSKLsS5TRHgShcRaxQDAVUg.png	7074	image/png
gubyrogers	https://gubyrogers.framer.website/academy	https://framerusercontent.com/images/tlf8q29dYmYusigLzQSki391QAA.png	/Users/dakshsethi/Projects/guby-rogers/docs/from-previous-attempt/ui-preview/assets/from-framer/gubyrogers/all/tlf8q29dYmYusigLzQSki391QAA.png	45697	image/png
gubyrogers	https://gubyrogers.framer.website/academy	https://framerusercontent.com/sites/6b7lIn3VnNgbvIzMaZyqsF/chunk-GFIW4E5H.mjs	/Users/dakshsethi/Projects/guby-rogers/docs/from-previous-attempt/ui-preview/assets/from-framer/gubyrogers/all/chunk-GFIW4E5H.mjs	858	text/javascript
gubyrogers	https://gubyrogers.framer.website/academy	https://framerusercontent.com/sites/6b7lIn3VnNgbvIzMaZyqsF/rrTYOCYpPYzPzhzgqI6AN2waVCFpT9L-VOF8yk1IZLE.ZCXDWUQT.mjs	/Users/dakshsethi/Projects/guby-rogers/docs/from-previous-attempt/ui-preview/assets/from-framer/gubyrogers/all/rrTYOCYpPYzPzhzgqI6AN2waVCFpT9L-VOF8yk1IZLE.ZCXDWUQT.mjs	231314	text/javascript
gubyrogers	https://gubyrogers.framer.website/academy/university	https://framerusercontent.com/images/HJEHA081FPnkZZlK1W5nWW4KAQ.webp	/Users/dakshsethi/Projects/guby-rogers/docs/from-previous-attempt/ui-preview/assets/from-framer/gubyrogers/all/HJEHA081FPnkZZlK1W5nWW4KAQ.webp	8174	image/webp
gubyrogers	https://gubyrogers.framer.website/academy/university	https://framerusercontent.com/images/JnGgDcs1IHQNQv2SPEuc4S2ry4.jpg	/Users/dakshsethi/Projects/guby-rogers/docs/from-previous-attempt/ui-preview/assets/from-framer/gubyrogers/all/JnGgDcs1IHQNQv2SPEuc4S2ry4.jpg	277449	image/jpeg
gubyrogers	https://gubyrogers.framer.website/academy/university	https://framerusercontent.com/images/LqbNGf38SgJpilgBMLRr4T9jqM.webp	/Users/dakshsethi/Projects/guby-rogers/docs/from-previous-attempt/ui-preview/assets/from-framer/gubyrogers/all/LqbNGf38SgJpilgBMLRr4T9jqM.webp	10760	image/webp
gubyrogers	https://gubyrogers.framer.website/academy/university	https://framerusercontent.com/images/eO7UrpykRunpgD95eqLeby5LLQ.png	/Users/dakshsethi/Projects/guby-rogers/docs/from-previous-attempt/ui-preview/assets/from-framer/gubyrogers/all/eO7UrpykRunpgD95eqLeby5LLQ.png	7352	image/png
gubyrogers	https://gubyrogers.framer.website/academy/university	https://framerusercontent.com/images/hUcwiTkAKmM1EjTwcgWSanQU5sQ.jpg	/Users/dakshsethi/Projects/guby-rogers/docs/from-previous-attempt/ui-preview/assets/from-framer/gubyrogers/all/hUcwiTkAKmM1EjTwcgWSanQU5sQ.jpg	1276303	image/png
gubyrogers	https://gubyrogers.framer.website/academy/university	https://framerusercontent.com/images/lG1Lhlexems7Q5YCHyomdX7f8UU.jpg	/Users/dakshsethi/Projects/guby-rogers/docs/from-previous-attempt/ui-preview/assets/from-framer/gubyrogers/all/lG1Lhlexems7Q5YCHyomdX7f8UU.jpg	116923	image/jpeg
gubyrogers	https://gubyrogers.framer.website/academy/university	https://framerusercontent.com/images/uIubvURBgGdYxDTFD7hLimTI.jpg	/Users/dakshsethi/Projects/guby-rogers/docs/from-previous-attempt/ui-preview/assets/from-framer/gubyrogers/all/uIubvURBgGdYxDTFD7hLimTI.jpg	50569	image/jpeg
gubyrogers	https://gubyrogers.framer.website/academy/university	https://framerusercontent.com/sites/6b7lIn3VnNgbvIzMaZyqsF/chunk-PTYXQSYC.mjs	/Users/dakshsethi/Projects/guby-rogers/docs/from-previous-attempt/ui-preview/assets/from-framer/gubyrogers/all/chunk-PTYXQSYC.mjs	2919	text/javascript
gubyrogers	https://gubyrogers.framer.website/academy/university	https://framerusercontent.com/sites/6b7lIn3VnNgbvIzMaZyqsF/chunk-USWTTCKQ.mjs	/Users/dakshsethi/Projects/guby-rogers/docs/from-previous-attempt/ui-preview/assets/from-framer/gubyrogers/all/chunk-USWTTCKQ.mjs	771	text/javascript
gubyrogers	https://gubyrogers.framer.website/academy/university	https://framerusercontent.com/sites/6b7lIn3VnNgbvIzMaZyqsF/xPx5BUSS7__rGUx1uJtiUiq_WloJT9KOu-KGvr6TqQw.DDZ7OBFI.mjs	/Users/dakshsethi/Projects/guby-rogers/docs/from-previous-attempt/ui-preview/assets/from-framer/gubyrogers/all/xPx5BUSS7__rGUx1uJtiUiq_WloJT9KOu-KGvr6TqQw.DDZ7OBFI.mjs	397535	text/javascript
gubyrogers	https://gubyrogers.framer.website/academy/corporate	https://framerusercontent.com/sites/6b7lIn3VnNgbvIzMaZyqsF/chunk-SXSZOCA2.mjs	/Users/dakshsethi/Projects/guby-rogers/docs/from-previous-attempt/ui-preview/assets/from-framer/gubyrogers/all/chunk-SXSZOCA2.mjs	738	text/javascript
gubyrogers	https://gubyrogers.framer.website/academy/corporate	https://framerusercontent.com/sites/6b7lIn3VnNgbvIzMaZyqsF/zfCtrYxn6Z3p7DGFQNT1U_UH7OQYpqMbkQ2PDfO5HcA.QRJ453ZX.mjs	/Users/dakshsethi/Projects/guby-rogers/docs/from-previous-attempt/ui-preview/assets/from-framer/gubyrogers/all/zfCtrYxn6Z3p7DGFQNT1U_UH7OQYpqMbkQ2PDfO5HcA.QRJ453ZX.mjs	293076	text/javascript
gubyrogers	https://gubyrogers.framer.website/academy/hr-solutions	https://framerusercontent.com/images/e4OFS0Iqu6Rawxxqh3N9Lxyx4uw.jpg	/Users/dakshsethi/Projects/guby-rogers/docs/from-previous-attempt/ui-preview/assets/from-framer/gubyrogers/all/e4OFS0Iqu6Rawxxqh3N9Lxyx4uw.jpg	40834	image/png
gubyrogers	https://gubyrogers.framer.website/academy/hr-solutions	https://framerusercontent.com/sites/6b7lIn3VnNgbvIzMaZyqsF/VzP4yGXzMCMbcrbkjkn9Jv84YbHwUHaPZhS7f0w4r5Y.CZ76XE6O.mjs	/Users/dakshsethi/Projects/guby-rogers/docs/from-previous-attempt/ui-preview/assets/from-framer/gubyrogers/all/VzP4yGXzMCMbcrbkjkn9Jv84YbHwUHaPZhS7f0w4r5Y.CZ76XE6O.mjs	268527	text/javascript
gubyrogers	https://gubyrogers.framer.website/academy/hr-solutions	https://framerusercontent.com/sites/6b7lIn3VnNgbvIzMaZyqsF/chunk-3SYCGC3U.mjs	/Users/dakshsethi/Projects/guby-rogers/docs/from-previous-attempt/ui-preview/assets/from-framer/gubyrogers/all/chunk-3SYCGC3U.mjs	742	text/javascript
gubyrogers	https://gubyrogers.framer.website/contact-us	https://framerusercontent.com/sites/6b7lIn3VnNgbvIzMaZyqsF/KxnyIiaQvgKOjKAZMIjY45wVOdDnbU9i3pJUHEcDIkk.TYSIVPDP.mjs	/Users/dakshsethi/Projects/guby-rogers/docs/from-previous-attempt/ui-preview/assets/from-framer/gubyrogers/all/KxnyIiaQvgKOjKAZMIjY45wVOdDnbU9i3pJUHEcDIkk.TYSIVPDP.mjs	34373	text/javascript
gubyrogers	https://gubyrogers.framer.website/contact-us	https://framerusercontent.com/sites/6b7lIn3VnNgbvIzMaZyqsF/chunk-EQO2BZ6H.mjs	/Users/dakshsethi/Projects/guby-rogers/docs/from-previous-attempt/ui-preview/assets/from-framer/gubyrogers/all/chunk-EQO2BZ6H.mjs	731	text/javascript
wolfmedia	https://wolfmediadaksh.framer.website/	https://framerusercontent.com/assets/DSDeH8l74kxhGQML9JuTrSMRaAM.png	/Users/dakshsethi/Projects/guby-rogers/docs/from-previous-attempt/ui-preview/assets/from-framer/wolfmedia/all/DSDeH8l74kxhGQML9JuTrSMRaAM.png	393487	image/png
wolfmedia	https://wolfmediadaksh.framer.website/	https://framerusercontent.com/assets/L67EHIaE36ly2QxvyPgTyj5vr8.mp4	/Users/dakshsethi/Projects/guby-rogers/docs/from-previous-attempt/ui-preview/assets/from-framer/wolfmedia/all/L67EHIaE36ly2QxvyPgTyj5vr8.mp4	1655428	video/mp4
wolfmedia	https://wolfmediadaksh.framer.website/	https://framerusercontent.com/images/09URqQ70dsAHMWYe2qy6OTKWKY.jpg	/Users/dakshsethi/Projects/guby-rogers/docs/from-previous-attempt/ui-preview/assets/from-framer/wolfmedia/all/09URqQ70dsAHMWYe2qy6OTKWKY.jpg	68909	image/jpeg
wolfmedia	https://wolfmediadaksh.framer.website/	https://framerusercontent.com/images/0p4zGZWaYQwEl1Fem0blhKOaoM.jpg	/Users/dakshsethi/Projects/guby-rogers/docs/from-previous-attempt/ui-preview/assets/from-framer/wolfmedia/all/0p4zGZWaYQwEl1Fem0blhKOaoM.jpg	51311	image/jpeg
wolfmedia	https://wolfmediadaksh.framer.website/	https://framerusercontent.com/images/1BhYlaYVdK1NkRU4aXYvthulPc.jpg	/Users/dakshsethi/Projects/guby-rogers/docs/from-previous-attempt/ui-preview/assets/from-framer/wolfmedia/all/1BhYlaYVdK1NkRU4aXYvthulPc.jpg	171458	image/jpeg
wolfmedia	https://wolfmediadaksh.framer.website/	https://framerusercontent.com/images/1IQlaWo7wBTFzW1RG9yUy5ZqvB0.jpg	/Users/dakshsethi/Projects/guby-rogers/docs/from-previous-attempt/ui-preview/assets/from-framer/wolfmedia/all/1IQlaWo7wBTFzW1RG9yUy5ZqvB0.jpg	57108	image/jpeg
wolfmedia	https://wolfmediadaksh.framer.website/	https://framerusercontent.com/images/1T87x07CFyA1QoQOTM2cfNFTro.jpg	/Users/dakshsethi/Projects/guby-rogers/docs/from-previous-attempt/ui-preview/assets/from-framer/wolfmedia/all/1T87x07CFyA1QoQOTM2cfNFTro.jpg	197611	image/jpeg
wolfmedia	https://wolfmediadaksh.framer.website/	https://framerusercontent.com/images/1atUEHfBmRraWXKM6ykR717TIE.jpg	/Users/dakshsethi/Projects/guby-rogers/docs/from-previous-attempt/ui-preview/assets/from-framer/wolfmedia/all/1atUEHfBmRraWXKM6ykR717TIE.jpg	152805	image/jpeg
wolfmedia	https://wolfmediadaksh.framer.website/	https://framerusercontent.com/images/1jaXa0gNkOJRglMuFyRk1ZinI.jpg	/Users/dakshsethi/Projects/guby-rogers/docs/from-previous-attempt/ui-preview/assets/from-framer/wolfmedia/all/1jaXa0gNkOJRglMuFyRk1ZinI.jpg	72836	image/jpeg
wolfmedia	https://wolfmediadaksh.framer.website/	https://framerusercontent.com/images/24Wk6KQ3Udi91PUlsaeXPWYJg.webp	/Users/dakshsethi/Projects/guby-rogers/docs/from-previous-attempt/ui-preview/assets/from-framer/wolfmedia/all/24Wk6KQ3Udi91PUlsaeXPWYJg.webp	21028	image/webp
wolfmedia	https://wolfmediadaksh.framer.website/	https://framerusercontent.com/images/3ELyUraLIxTtp806s6Hvmbd4.jpg	/Users/dakshsethi/Projects/guby-rogers/docs/from-previous-attempt/ui-preview/assets/from-framer/wolfmedia/all/3ELyUraLIxTtp806s6Hvmbd4.jpg	61877	image/jpeg
wolfmedia	https://wolfmediadaksh.framer.website/	https://framerusercontent.com/images/42bJvFNmmFxLMLFeavyDBjthY.jpg	/Users/dakshsethi/Projects/guby-rogers/docs/from-previous-attempt/ui-preview/assets/from-framer/wolfmedia/all/42bJvFNmmFxLMLFeavyDBjthY.jpg	65157	image/jpeg
wolfmedia	https://wolfmediadaksh.framer.website/	https://framerusercontent.com/images/4OZ3gpInUfvR1EnJXp4ozHTggQM.jpg	/Users/dakshsethi/Projects/guby-rogers/docs/from-previous-attempt/ui-preview/assets/from-framer/wolfmedia/all/4OZ3gpInUfvR1EnJXp4ozHTggQM.jpg	410232	image/png
wolfmedia	https://wolfmediadaksh.framer.website/	https://framerusercontent.com/images/4P0Tb6LHXXc0MvARaOAGbi2gWLU.jpeg	/Users/dakshsethi/Projects/guby-rogers/docs/from-previous-attempt/ui-preview/assets/from-framer/wolfmedia/all/4P0Tb6LHXXc0MvARaOAGbi2gWLU.jpeg	324476	image/jpeg
wolfmedia	https://wolfmediadaksh.framer.website/	https://framerusercontent.com/images/4Z1LJCsrcjqTH5dKz9bSvXBF3I.jpg	/Users/dakshsethi/Projects/guby-rogers/docs/from-previous-attempt/ui-preview/assets/from-framer/wolfmedia/all/4Z1LJCsrcjqTH5dKz9bSvXBF3I.jpg	390302	image/png
wolfmedia	https://wolfmediadaksh.framer.website/	https://framerusercontent.com/images/5RwAZ1lN1nNmgr21DDfuvKKJBqw.png	/Users/dakshsethi/Projects/guby-rogers/docs/from-previous-attempt/ui-preview/assets/from-framer/wolfmedia/all/5RwAZ1lN1nNmgr21DDfuvKKJBqw.png	2368	image/png
wolfmedia	https://wolfmediadaksh.framer.website/	https://framerusercontent.com/images/5cBGmEm75fjabEbgSVndq44Rs.jpg	/Users/dakshsethi/Projects/guby-rogers/docs/from-previous-attempt/ui-preview/assets/from-framer/wolfmedia/all/5cBGmEm75fjabEbgSVndq44Rs.jpg	170834	image/jpeg
wolfmedia	https://wolfmediadaksh.framer.website/	https://framerusercontent.com/images/5p4GpRkpjB0ItDJ24MSYv4ebBnI.webp	/Users/dakshsethi/Projects/guby-rogers/docs/from-previous-attempt/ui-preview/assets/from-framer/wolfmedia/all/5p4GpRkpjB0ItDJ24MSYv4ebBnI.webp	40524	image/webp
wolfmedia	https://wolfmediadaksh.framer.website/	https://framerusercontent.com/images/6B7u4L9jZW4KuWIUVZu2NHbAw4.jpg	/Users/dakshsethi/Projects/guby-rogers/docs/from-previous-attempt/ui-preview/assets/from-framer/wolfmedia/all/6B7u4L9jZW4KuWIUVZu2NHbAw4.jpg	293045	image/jpeg
wolfmedia	https://wolfmediadaksh.framer.website/	https://framerusercontent.com/images/6GM540YPr0N6mHihjk3zWdPbbE8.svg	/Users/dakshsethi/Projects/guby-rogers/docs/from-previous-attempt/ui-preview/assets/from-framer/wolfmedia/all/6GM540YPr0N6mHihjk3zWdPbbE8.svg	2405	image/svg+xml
wolfmedia	https://wolfmediadaksh.framer.website/	https://framerusercontent.com/images/6UoOesPK3rJL7kiUiLZidkDTYFY.png	/Users/dakshsethi/Projects/guby-rogers/docs/from-previous-attempt/ui-preview/assets/from-framer/wolfmedia/all/6UoOesPK3rJL7kiUiLZidkDTYFY.png	12642	image/png
wolfmedia	https://wolfmediadaksh.framer.website/	https://framerusercontent.com/images/6dwV2MvSGgeUEcvCDo6j7a7sWSk.jpg	/Users/dakshsethi/Projects/guby-rogers/docs/from-previous-attempt/ui-preview/assets/from-framer/wolfmedia/all/6dwV2MvSGgeUEcvCDo6j7a7sWSk.jpg	103238	image/jpeg
wolfmedia	https://wolfmediadaksh.framer.website/	https://framerusercontent.com/images/7Dp0oDhWvUm0de5cin1q213Hk.jpg	/Users/dakshsethi/Projects/guby-rogers/docs/from-previous-attempt/ui-preview/assets/from-framer/wolfmedia/all/7Dp0oDhWvUm0de5cin1q213Hk.jpg	30272	image/jpeg
wolfmedia	https://wolfmediadaksh.framer.website/	https://framerusercontent.com/images/7bdIkdoloJ0TwmJ9vFHz6nnieg.jpg	/Users/dakshsethi/Projects/guby-rogers/docs/from-previous-attempt/ui-preview/assets/from-framer/wolfmedia/all/7bdIkdoloJ0TwmJ9vFHz6nnieg.jpg	56581	image/jpeg
wolfmedia	https://wolfmediadaksh.framer.website/	https://framerusercontent.com/images/7ugnRJtKPnBQcsN8E8p0P34WX6U.jpg	/Users/dakshsethi/Projects/guby-rogers/docs/from-previous-attempt/ui-preview/assets/from-framer/wolfmedia/all/7ugnRJtKPnBQcsN8E8p0P34WX6U.jpg	52050	image/jpeg
wolfmedia	https://wolfmediadaksh.framer.website/	https://framerusercontent.com/images/7uphZP3B4IX90WjyyqTuAy5mgLA.jpg	/Users/dakshsethi/Projects/guby-rogers/docs/from-previous-attempt/ui-preview/assets/from-framer/wolfmedia/all/7uphZP3B4IX90WjyyqTuAy5mgLA.jpg	98289	image/jpeg
wolfmedia	https://wolfmediadaksh.framer.website/	https://framerusercontent.com/images/84zAxG5sT1iJqJySVu971vz4.svg	/Users/dakshsethi/Projects/guby-rogers/docs/from-previous-attempt/ui-preview/assets/from-framer/wolfmedia/all/84zAxG5sT1iJqJySVu971vz4.svg	5495	image/svg+xml
wolfmedia	https://wolfmediadaksh.framer.website/	https://framerusercontent.com/images/9IV5X2jsFpCkbBDxRHfwt3cdV4.jpg	/Users/dakshsethi/Projects/guby-rogers/docs/from-previous-attempt/ui-preview/assets/from-framer/wolfmedia/all/9IV5X2jsFpCkbBDxRHfwt3cdV4.jpg	105697	image/jpeg
wolfmedia	https://wolfmediadaksh.framer.website/	https://framerusercontent.com/images/9Me5WUhIYuU9J8VPNfqiqvwo0.svg	/Users/dakshsethi/Projects/guby-rogers/docs/from-previous-attempt/ui-preview/assets/from-framer/wolfmedia/all/9Me5WUhIYuU9J8VPNfqiqvwo0.svg	4434	image/svg+xml
wolfmedia	https://wolfmediadaksh.framer.website/	https://framerusercontent.com/images/AvnUJJVQMNc5UzfjOIW1Lqiwy5s.jpg	/Users/dakshsethi/Projects/guby-rogers/docs/from-previous-attempt/ui-preview/assets/from-framer/wolfmedia/all/AvnUJJVQMNc5UzfjOIW1Lqiwy5s.jpg	60369	image/jpeg
wolfmedia	https://wolfmediadaksh.framer.website/	https://framerusercontent.com/images/B22GASee4neuXRf5NM7KhtIjY.jpg	/Users/dakshsethi/Projects/guby-rogers/docs/from-previous-attempt/ui-preview/assets/from-framer/wolfmedia/all/B22GASee4neuXRf5NM7KhtIjY.jpg	318527	image/jpeg
wolfmedia	https://wolfmediadaksh.framer.website/	https://framerusercontent.com/images/B6MgGgEzXYM8PXxCwKhMiTXImNk.jpg	/Users/dakshsethi/Projects/guby-rogers/docs/from-previous-attempt/ui-preview/assets/from-framer/wolfmedia/all/B6MgGgEzXYM8PXxCwKhMiTXImNk.jpg	758825	image/jpeg
wolfmedia	https://wolfmediadaksh.framer.website/	https://framerusercontent.com/images/B7SQTqhnsEDH3hpi5CGTtlrXY.jpg	/Users/dakshsethi/Projects/guby-rogers/docs/from-previous-attempt/ui-preview/assets/from-framer/wolfmedia/all/B7SQTqhnsEDH3hpi5CGTtlrXY.jpg	46597	image/jpeg
wolfmedia	https://wolfmediadaksh.framer.website/	https://framerusercontent.com/images/CWtEjyFt0DqyYrH6AhZYcfm3ZU.jpg	/Users/dakshsethi/Projects/guby-rogers/docs/from-previous-attempt/ui-preview/assets/from-framer/wolfmedia/all/CWtEjyFt0DqyYrH6AhZYcfm3ZU.jpg	88198	image/jpeg
wolfmedia	https://wolfmediadaksh.framer.website/	https://framerusercontent.com/images/Ei7O3XiMVABwfOOaP8Ym0BrIWi8.png	/Users/dakshsethi/Projects/guby-rogers/docs/from-previous-attempt/ui-preview/assets/from-framer/wolfmedia/all/Ei7O3XiMVABwfOOaP8Ym0BrIWi8.png	139922	image/png
wolfmedia	https://wolfmediadaksh.framer.website/	https://framerusercontent.com/images/F7VV7CcROo5STViC5aJM9ci0M.jpg	/Users/dakshsethi/Projects/guby-rogers/docs/from-previous-attempt/ui-preview/assets/from-framer/wolfmedia/all/F7VV7CcROo5STViC5aJM9ci0M.jpg	48029	image/jpeg
wolfmedia	https://wolfmediadaksh.framer.website/	https://framerusercontent.com/images/FoeqpVgWu2iVCxB7LRkE6bbAL8k.png	/Users/dakshsethi/Projects/guby-rogers/docs/from-previous-attempt/ui-preview/assets/from-framer/wolfmedia/all/FoeqpVgWu2iVCxB7LRkE6bbAL8k.png	137389	image/png
wolfmedia	https://wolfmediadaksh.framer.website/	https://framerusercontent.com/images/G7aFwWRdHjsJZ1glDeq6BVpQA.webp	/Users/dakshsethi/Projects/guby-rogers/docs/from-previous-attempt/ui-preview/assets/from-framer/wolfmedia/all/G7aFwWRdHjsJZ1glDeq6BVpQA.webp	39626	image/webp
wolfmedia	https://wolfmediadaksh.framer.website/	https://framerusercontent.com/images/HLwk67A8WtfZey7wVLnDX1ACDiQ.jpg	/Users/dakshsethi/Projects/guby-rogers/docs/from-previous-attempt/ui-preview/assets/from-framer/wolfmedia/all/HLwk67A8WtfZey7wVLnDX1ACDiQ.jpg	41469	image/jpeg
wolfmedia	https://wolfmediadaksh.framer.website/	https://framerusercontent.com/images/HMt3BgLYkKu3LiV98sacKKYr4.png	/Users/dakshsethi/Projects/guby-rogers/docs/from-previous-attempt/ui-preview/assets/from-framer/wolfmedia/all/HMt3BgLYkKu3LiV98sacKKYr4.png	13141	image/png
wolfmedia	https://wolfmediadaksh.framer.website/	https://framerusercontent.com/images/JHcUf7AUK93Au7OLWGnEV4Ljuhw.webp	/Users/dakshsethi/Projects/guby-rogers/docs/from-previous-attempt/ui-preview/assets/from-framer/wolfmedia/all/JHcUf7AUK93Au7OLWGnEV4Ljuhw.webp	33296	image/webp
wolfmedia	https://wolfmediadaksh.framer.website/	https://framerusercontent.com/images/JlQ0eyG5Y3zsM7EcVfUUyGork.png	/Users/dakshsethi/Projects/guby-rogers/docs/from-previous-attempt/ui-preview/assets/from-framer/wolfmedia/all/JlQ0eyG5Y3zsM7EcVfUUyGork.png	10238	image/png
wolfmedia	https://wolfmediadaksh.framer.website/	https://framerusercontent.com/images/JsuudzULBwyIX2zqg1COfdM6E.png	/Users/dakshsethi/Projects/guby-rogers/docs/from-previous-attempt/ui-preview/assets/from-framer/wolfmedia/all/JsuudzULBwyIX2zqg1COfdM6E.png	19603	image/png
wolfmedia	https://wolfmediadaksh.framer.website/	https://framerusercontent.com/images/JtDLPsjy4WVoo8qJg3FNxoyS5Qo.webp	/Users/dakshsethi/Projects/guby-rogers/docs/from-previous-attempt/ui-preview/assets/from-framer/wolfmedia/all/JtDLPsjy4WVoo8qJg3FNxoyS5Qo.webp	43614	image/webp
wolfmedia	https://wolfmediadaksh.framer.website/	https://framerusercontent.com/images/K4CO4HGlErnM2tNgCUQUUorbaTs.jpg	/Users/dakshsethi/Projects/guby-rogers/docs/from-previous-attempt/ui-preview/assets/from-framer/wolfmedia/all/K4CO4HGlErnM2tNgCUQUUorbaTs.jpg	419709	image/png
wolfmedia	https://wolfmediadaksh.framer.website/	https://framerusercontent.com/images/KodSugXY1xdodtwLchtOxoIcIeg.jpg	/Users/dakshsethi/Projects/guby-rogers/docs/from-previous-attempt/ui-preview/assets/from-framer/wolfmedia/all/KodSugXY1xdodtwLchtOxoIcIeg.jpg	49167	image/jpeg
wolfmedia	https://wolfmediadaksh.framer.website/	https://framerusercontent.com/images/LBKPhRF8pZU74Kwke5zB3Smy2hQ.png	/Users/dakshsethi/Projects/guby-rogers/docs/from-previous-attempt/ui-preview/assets/from-framer/wolfmedia/all/LBKPhRF8pZU74Kwke5zB3Smy2hQ.png	27024	image/png
wolfmedia	https://wolfmediadaksh.framer.website/	https://framerusercontent.com/images/Ly2jzYx0WgqXZU5TqZqYeoGIFY.jpg	/Users/dakshsethi/Projects/guby-rogers/docs/from-previous-attempt/ui-preview/assets/from-framer/wolfmedia/all/Ly2jzYx0WgqXZU5TqZqYeoGIFY.jpg	128713	image/jpeg
wolfmedia	https://wolfmediadaksh.framer.website/	https://framerusercontent.com/images/MAQD1OXIP2Y2fbMKBzkfQxqoKoc.webp	/Users/dakshsethi/Projects/guby-rogers/docs/from-previous-attempt/ui-preview/assets/from-framer/wolfmedia/all/MAQD1OXIP2Y2fbMKBzkfQxqoKoc.webp	50398	image/webp
wolfmedia	https://wolfmediadaksh.framer.website/	https://framerusercontent.com/images/MCfiCCcLRoLNsviE019vOpqpGFk.jpg	/Users/dakshsethi/Projects/guby-rogers/docs/from-previous-attempt/ui-preview/assets/from-framer/wolfmedia/all/MCfiCCcLRoLNsviE019vOpqpGFk.jpg	693842	image/jpeg
wolfmedia	https://wolfmediadaksh.framer.website/	https://framerusercontent.com/images/NRZ2qAFxZXpxPbBOKwAkQDphlLE.jpg	/Users/dakshsethi/Projects/guby-rogers/docs/from-previous-attempt/ui-preview/assets/from-framer/wolfmedia/all/NRZ2qAFxZXpxPbBOKwAkQDphlLE.jpg	164288	image/jpeg
wolfmedia	https://wolfmediadaksh.framer.website/	https://framerusercontent.com/images/OCe75p34WEAOPvx3ByHCwXgTKQ.png	/Users/dakshsethi/Projects/guby-rogers/docs/from-previous-attempt/ui-preview/assets/from-framer/wolfmedia/all/OCe75p34WEAOPvx3ByHCwXgTKQ.png	14086	image/png
wolfmedia	https://wolfmediadaksh.framer.website/	https://framerusercontent.com/images/OZ2cwprFuZBYNClSIoSrOrBfo.jpg	/Users/dakshsethi/Projects/guby-rogers/docs/from-previous-attempt/ui-preview/assets/from-framer/wolfmedia/all/OZ2cwprFuZBYNClSIoSrOrBfo.jpg	126833	image/png
wolfmedia	https://wolfmediadaksh.framer.website/	https://framerusercontent.com/images/OjiSFIrzOMtXJL91dTqPO4NPBU.jpg	/Users/dakshsethi/Projects/guby-rogers/docs/from-previous-attempt/ui-preview/assets/from-framer/wolfmedia/all/OjiSFIrzOMtXJL91dTqPO4NPBU.jpg	95557	image/jpeg
wolfmedia	https://wolfmediadaksh.framer.website/	https://framerusercontent.com/images/OtZqiOQ67Y2q1xjEyWw3265aPO4.jpg	/Users/dakshsethi/Projects/guby-rogers/docs/from-previous-attempt/ui-preview/assets/from-framer/wolfmedia/all/OtZqiOQ67Y2q1xjEyWw3265aPO4.jpg	2825608	image/png
wolfmedia	https://wolfmediadaksh.framer.website/	https://framerusercontent.com/images/OzMVJ4tMgQViAnoLWiuHwu3gWSk.png	/Users/dakshsethi/Projects/guby-rogers/docs/from-previous-attempt/ui-preview/assets/from-framer/wolfmedia/all/OzMVJ4tMgQViAnoLWiuHwu3gWSk.png	21543	image/png
wolfmedia	https://wolfmediadaksh.framer.website/	https://framerusercontent.com/images/PHeZCQ9hzcxm2A6mrNfIsYkOA.webp	/Users/dakshsethi/Projects/guby-rogers/docs/from-previous-attempt/ui-preview/assets/from-framer/wolfmedia/all/PHeZCQ9hzcxm2A6mrNfIsYkOA.webp	46754	image/webp
wolfmedia	https://wolfmediadaksh.framer.website/	https://framerusercontent.com/images/RS02mzAH60WIkAFNI0hMSzSWE.jpg	/Users/dakshsethi/Projects/guby-rogers/docs/from-previous-attempt/ui-preview/assets/from-framer/wolfmedia/all/RS02mzAH60WIkAFNI0hMSzSWE.jpg	53834	image/jpeg
wolfmedia	https://wolfmediadaksh.framer.website/	https://framerusercontent.com/images/Sz91fRkgYyFNFcfGByB8wjv2nsM.jpg	/Users/dakshsethi/Projects/guby-rogers/docs/from-previous-attempt/ui-preview/assets/from-framer/wolfmedia/all/Sz91fRkgYyFNFcfGByB8wjv2nsM.jpg	588684	image/png
wolfmedia	https://wolfmediadaksh.framer.website/	https://framerusercontent.com/images/U3VcmT3I4iZLkDncXSIqbfx6PLA.svg	/Users/dakshsethi/Projects/guby-rogers/docs/from-previous-attempt/ui-preview/assets/from-framer/wolfmedia/all/U3VcmT3I4iZLkDncXSIqbfx6PLA.svg	8174	image/svg+xml
wolfmedia	https://wolfmediadaksh.framer.website/	https://framerusercontent.com/images/UMXh0kDcYkHDL2gpRcJ8uPlzIE.jpg	/Users/dakshsethi/Projects/guby-rogers/docs/from-previous-attempt/ui-preview/assets/from-framer/wolfmedia/all/UMXh0kDcYkHDL2gpRcJ8uPlzIE.jpg	55511	image/jpeg
wolfmedia	https://wolfmediadaksh.framer.website/	https://framerusercontent.com/images/Uaw5lSKR3gC7Z9jMYp0kMj35g.jpg	/Users/dakshsethi/Projects/guby-rogers/docs/from-previous-attempt/ui-preview/assets/from-framer/wolfmedia/all/Uaw5lSKR3gC7Z9jMYp0kMj35g.jpg	319732	image/png
wolfmedia	https://wolfmediadaksh.framer.website/	https://framerusercontent.com/images/V7g5NnzxiQs1OpEAC9wcDAta0.jpg	/Users/dakshsethi/Projects/guby-rogers/docs/from-previous-attempt/ui-preview/assets/from-framer/wolfmedia/all/V7g5NnzxiQs1OpEAC9wcDAta0.jpg	419547	image/jpeg
wolfmedia	https://wolfmediadaksh.framer.website/	https://framerusercontent.com/images/VHExgvQrrUKhlAODBvMpGQFsgI.jpeg	/Users/dakshsethi/Projects/guby-rogers/docs/from-previous-attempt/ui-preview/assets/from-framer/wolfmedia/all/VHExgvQrrUKhlAODBvMpGQFsgI.jpeg	216547	image/jpeg
wolfmedia	https://wolfmediadaksh.framer.website/	https://framerusercontent.com/images/VRPvQFbRWV4zFkxl8oHbaMeZMk.png	/Users/dakshsethi/Projects/guby-rogers/docs/from-previous-attempt/ui-preview/assets/from-framer/wolfmedia/all/VRPvQFbRWV4zFkxl8oHbaMeZMk.png	19482	image/png
wolfmedia	https://wolfmediadaksh.framer.website/	https://framerusercontent.com/images/VaI4Z5u6jludOtaPVVoA8HYdPgc.jpg	/Users/dakshsethi/Projects/guby-rogers/docs/from-previous-attempt/ui-preview/assets/from-framer/wolfmedia/all/VaI4Z5u6jludOtaPVVoA8HYdPgc.jpg	304146	image/jpeg
wolfmedia	https://wolfmediadaksh.framer.website/	https://framerusercontent.com/images/W1oOZha7n7fv5YBI9kKzcoPTgds.jpg	/Users/dakshsethi/Projects/guby-rogers/docs/from-previous-attempt/ui-preview/assets/from-framer/wolfmedia/all/W1oOZha7n7fv5YBI9kKzcoPTgds.jpg	16525	image/jpeg
wolfmedia	https://wolfmediadaksh.framer.website/	https://framerusercontent.com/images/WZpXBe1lwzHrhPwjMHBgdoZxrRA.jpg	/Users/dakshsethi/Projects/guby-rogers/docs/from-previous-attempt/ui-preview/assets/from-framer/wolfmedia/all/WZpXBe1lwzHrhPwjMHBgdoZxrRA.jpg	372346	image/png
wolfmedia	https://wolfmediadaksh.framer.website/	https://framerusercontent.com/images/WnWLYsdbFMx0C1qayzV6NEFsG0U.jpg	/Users/dakshsethi/Projects/guby-rogers/docs/from-previous-attempt/ui-preview/assets/from-framer/wolfmedia/all/WnWLYsdbFMx0C1qayzV6NEFsG0U.jpg	59038	image/jpeg
wolfmedia	https://wolfmediadaksh.framer.website/	https://framerusercontent.com/images/Wson4xyIylntBbY9rzu74S273s.jpg	/Users/dakshsethi/Projects/guby-rogers/docs/from-previous-attempt/ui-preview/assets/from-framer/wolfmedia/all/Wson4xyIylntBbY9rzu74S273s.jpg	120985	image/jpeg
wolfmedia	https://wolfmediadaksh.framer.website/	https://framerusercontent.com/images/X5KYPTR56wO2hGNdCU6FYtEp9cw.jpg	/Users/dakshsethi/Projects/guby-rogers/docs/from-previous-attempt/ui-preview/assets/from-framer/wolfmedia/all/X5KYPTR56wO2hGNdCU6FYtEp9cw.jpg	64508	image/jpeg
wolfmedia	https://wolfmediadaksh.framer.website/	https://framerusercontent.com/images/XDXkZEMhpHb5ce5oqvP9cAjk8.jpg	/Users/dakshsethi/Projects/guby-rogers/docs/from-previous-attempt/ui-preview/assets/from-framer/wolfmedia/all/XDXkZEMhpHb5ce5oqvP9cAjk8.jpg	205739	image/jpeg
wolfmedia	https://wolfmediadaksh.framer.website/	https://framerusercontent.com/images/XuQtpK5X6JjzQXkAbvBzfTQBqk.jpg	/Users/dakshsethi/Projects/guby-rogers/docs/from-previous-attempt/ui-preview/assets/from-framer/wolfmedia/all/XuQtpK5X6JjzQXkAbvBzfTQBqk.jpg	230137	image/jpeg
wolfmedia	https://wolfmediadaksh.framer.website/	https://framerusercontent.com/images/YCTloobGAq8V2SBKiyDTVJQZdQo.jpg	/Users/dakshsethi/Projects/guby-rogers/docs/from-previous-attempt/ui-preview/assets/from-framer/wolfmedia/all/YCTloobGAq8V2SBKiyDTVJQZdQo.jpg	388493	image/png
wolfmedia	https://wolfmediadaksh.framer.website/	https://framerusercontent.com/images/ZXfoTpJb62HjTccfufpEXdiNrg.jpg	/Users/dakshsethi/Projects/guby-rogers/docs/from-previous-attempt/ui-preview/assets/from-framer/wolfmedia/all/ZXfoTpJb62HjTccfufpEXdiNrg.jpg	41457	image/jpeg
wolfmedia	https://wolfmediadaksh.framer.website/	https://framerusercontent.com/images/aT06uD4PzgFpCTwSg8wFKNKyegY.jpg	/Users/dakshsethi/Projects/guby-rogers/docs/from-previous-attempt/ui-preview/assets/from-framer/wolfmedia/all/aT06uD4PzgFpCTwSg8wFKNKyegY.jpg	203398	image/jpeg
wolfmedia	https://wolfmediadaksh.framer.website/	https://framerusercontent.com/images/ag25E2C7cUAOJUYnrZGLkAWZ0w.jpg	/Users/dakshsethi/Projects/guby-rogers/docs/from-previous-attempt/ui-preview/assets/from-framer/wolfmedia/all/ag25E2C7cUAOJUYnrZGLkAWZ0w.jpg	369292	image/jpeg
wolfmedia	https://wolfmediadaksh.framer.website/	https://framerusercontent.com/images/bLAny0cOlpm6LO7PTJqohyPcdg.jpg	/Users/dakshsethi/Projects/guby-rogers/docs/from-previous-attempt/ui-preview/assets/from-framer/wolfmedia/all/bLAny0cOlpm6LO7PTJqohyPcdg.jpg	2154621	image/png
wolfmedia	https://wolfmediadaksh.framer.website/	https://framerusercontent.com/images/bNS9fSEivRFVyzZO8Kuk2ACX0.jpg	/Users/dakshsethi/Projects/guby-rogers/docs/from-previous-attempt/ui-preview/assets/from-framer/wolfmedia/all/bNS9fSEivRFVyzZO8Kuk2ACX0.jpg	53173	image/jpeg
wolfmedia	https://wolfmediadaksh.framer.website/	https://framerusercontent.com/images/bRWPVjBUI0dP3hK8HDxdvk8mHw.png	/Users/dakshsethi/Projects/guby-rogers/docs/from-previous-attempt/ui-preview/assets/from-framer/wolfmedia/all/bRWPVjBUI0dP3hK8HDxdvk8mHw.png	12161	image/png
wolfmedia	https://wolfmediadaksh.framer.website/	https://framerusercontent.com/images/bUHdp67O91xPmopEKHg81B4ojBE.png	/Users/dakshsethi/Projects/guby-rogers/docs/from-previous-attempt/ui-preview/assets/from-framer/wolfmedia/all/bUHdp67O91xPmopEKHg81B4ojBE.png	12954	image/png
wolfmedia	https://wolfmediadaksh.framer.website/	https://framerusercontent.com/images/cXH6X4a6nCkECn79NYn3uo9mRag.jpg	/Users/dakshsethi/Projects/guby-rogers/docs/from-previous-attempt/ui-preview/assets/from-framer/wolfmedia/all/cXH6X4a6nCkECn79NYn3uo9mRag.jpg	57354	image/jpeg
wolfmedia	https://wolfmediadaksh.framer.website/	https://framerusercontent.com/images/d1OaEf8sJVYpjw1G3R6EKoWVVg.jpg	/Users/dakshsethi/Projects/guby-rogers/docs/from-previous-attempt/ui-preview/assets/from-framer/wolfmedia/all/d1OaEf8sJVYpjw1G3R6EKoWVVg.jpg	7497	image/jpeg
wolfmedia	https://wolfmediadaksh.framer.website/	https://framerusercontent.com/images/eFwzoyIbq4hq4va5daOcBLM3P4.webp	/Users/dakshsethi/Projects/guby-rogers/docs/from-previous-attempt/ui-preview/assets/from-framer/wolfmedia/all/eFwzoyIbq4hq4va5daOcBLM3P4.webp	44856	image/webp
wolfmedia	https://wolfmediadaksh.framer.website/	https://framerusercontent.com/images/eydQ8nB9JRsWzKnv1Q33b9ebdA.jpg	/Users/dakshsethi/Projects/guby-rogers/docs/from-previous-attempt/ui-preview/assets/from-framer/wolfmedia/all/eydQ8nB9JRsWzKnv1Q33b9ebdA.jpg	75867	image/jpeg
wolfmedia	https://wolfmediadaksh.framer.website/	https://framerusercontent.com/images/fQOqKHrKOvowq1XjmmVMNFN5hY.jpg	/Users/dakshsethi/Projects/guby-rogers/docs/from-previous-attempt/ui-preview/assets/from-framer/wolfmedia/all/fQOqKHrKOvowq1XjmmVMNFN5hY.jpg	315735	image/png
wolfmedia	https://wolfmediadaksh.framer.website/	https://framerusercontent.com/images/fUGasWYoACC7vE68z0ud9eSc.webp	/Users/dakshsethi/Projects/guby-rogers/docs/from-previous-attempt/ui-preview/assets/from-framer/wolfmedia/all/fUGasWYoACC7vE68z0ud9eSc.webp	32646	image/webp
wolfmedia	https://wolfmediadaksh.framer.website/	https://framerusercontent.com/images/gf2OGtW5w5FhACoSL1KrJmhvbE.jpg	/Users/dakshsethi/Projects/guby-rogers/docs/from-previous-attempt/ui-preview/assets/from-framer/wolfmedia/all/gf2OGtW5w5FhACoSL1KrJmhvbE.jpg	370079	image/png
wolfmedia	https://wolfmediadaksh.framer.website/	https://framerusercontent.com/images/grZ1NXz7hSrNuYL0tUJUD9peiRg.jpg	/Users/dakshsethi/Projects/guby-rogers/docs/from-previous-attempt/ui-preview/assets/from-framer/wolfmedia/all/grZ1NXz7hSrNuYL0tUJUD9peiRg.jpg	67172	image/jpeg
wolfmedia	https://wolfmediadaksh.framer.website/	https://framerusercontent.com/images/gzMeRHHcmwifkQed5QBIRdoZT0o.jpg	/Users/dakshsethi/Projects/guby-rogers/docs/from-previous-attempt/ui-preview/assets/from-framer/wolfmedia/all/gzMeRHHcmwifkQed5QBIRdoZT0o.jpg	145406	image/jpeg
wolfmedia	https://wolfmediadaksh.framer.website/	https://framerusercontent.com/images/hX4NAbpCiJRWvMFk5VTzQql8hGg.jpg	/Users/dakshsethi/Projects/guby-rogers/docs/from-previous-attempt/ui-preview/assets/from-framer/wolfmedia/all/hX4NAbpCiJRWvMFk5VTzQql8hGg.jpg	244268	image/jpeg
wolfmedia	https://wolfmediadaksh.framer.website/	https://framerusercontent.com/images/i4nwqzFXjnxGiLbS5yPizR4.jpg	/Users/dakshsethi/Projects/guby-rogers/docs/from-previous-attempt/ui-preview/assets/from-framer/wolfmedia/all/i4nwqzFXjnxGiLbS5yPizR4.jpg	287283	image/jpeg
wolfmedia	https://wolfmediadaksh.framer.website/	https://framerusercontent.com/images/i8GndycM8e3jRTJLWDAdg6oNQU.jpg	/Users/dakshsethi/Projects/guby-rogers/docs/from-previous-attempt/ui-preview/assets/from-framer/wolfmedia/all/i8GndycM8e3jRTJLWDAdg6oNQU.jpg	34117	image/jpeg
wolfmedia	https://wolfmediadaksh.framer.website/	https://framerusercontent.com/images/iCjWEMdnLbLFJpuHB8lN38Q1bk.jpg	/Users/dakshsethi/Projects/guby-rogers/docs/from-previous-attempt/ui-preview/assets/from-framer/wolfmedia/all/iCjWEMdnLbLFJpuHB8lN38Q1bk.jpg	54532	image/jpeg
wolfmedia	https://wolfmediadaksh.framer.website/	https://framerusercontent.com/images/ii0VhcXG9s5HMrvK5sPerHlg6s.jpg	/Users/dakshsethi/Projects/guby-rogers/docs/from-previous-attempt/ui-preview/assets/from-framer/wolfmedia/all/ii0VhcXG9s5HMrvK5sPerHlg6s.jpg	105061	image/jpeg
wolfmedia	https://wolfmediadaksh.framer.website/	https://framerusercontent.com/images/jI678iDzzjSWBGqgQL9YOFUF3Q.png	/Users/dakshsethi/Projects/guby-rogers/docs/from-previous-attempt/ui-preview/assets/from-framer/wolfmedia/all/jI678iDzzjSWBGqgQL9YOFUF3Q.png	7465	image/png
wolfmedia	https://wolfmediadaksh.framer.website/	https://framerusercontent.com/images/kFuFiEoHMqo3M3dtRcKoUmO80k.jpg	/Users/dakshsethi/Projects/guby-rogers/docs/from-previous-attempt/ui-preview/assets/from-framer/wolfmedia/all/kFuFiEoHMqo3M3dtRcKoUmO80k.jpg	133573	image/jpeg
wolfmedia	https://wolfmediadaksh.framer.website/	https://framerusercontent.com/images/kMhC858lHiyD5qPWLA30Q1hIim8.jpeg	/Users/dakshsethi/Projects/guby-rogers/docs/from-previous-attempt/ui-preview/assets/from-framer/wolfmedia/all/kMhC858lHiyD5qPWLA30Q1hIim8.jpeg	215445	image/jpeg
wolfmedia	https://wolfmediadaksh.framer.website/	https://framerusercontent.com/images/lEZDYpvLSH0t32UwNHVQP8QKqok.jpg	/Users/dakshsethi/Projects/guby-rogers/docs/from-previous-attempt/ui-preview/assets/from-framer/wolfmedia/all/lEZDYpvLSH0t32UwNHVQP8QKqok.jpg	39773	image/jpeg
wolfmedia	https://wolfmediadaksh.framer.website/	https://framerusercontent.com/images/lMtZOB04zBzDYJogWtb29xBDLHI.jpeg	/Users/dakshsethi/Projects/guby-rogers/docs/from-previous-attempt/ui-preview/assets/from-framer/wolfmedia/all/lMtZOB04zBzDYJogWtb29xBDLHI.jpeg	159785	image/jpeg
wolfmedia	https://wolfmediadaksh.framer.website/	https://framerusercontent.com/images/muvwM9SkDrSaTq11hs9DDjBYUCI.png	/Users/dakshsethi/Projects/guby-rogers/docs/from-previous-attempt/ui-preview/assets/from-framer/wolfmedia/all/muvwM9SkDrSaTq11hs9DDjBYUCI.png	1379	image/png
wolfmedia	https://wolfmediadaksh.framer.website/	https://framerusercontent.com/images/ncFbCaNi08KdwoWXMuXxvLoNSY.jpg	/Users/dakshsethi/Projects/guby-rogers/docs/from-previous-attempt/ui-preview/assets/from-framer/wolfmedia/all/ncFbCaNi08KdwoWXMuXxvLoNSY.jpg	99256	image/jpeg
wolfmedia	https://wolfmediadaksh.framer.website/	https://framerusercontent.com/images/ny9k1RA0lgRrfpZL9i5Tqz3roE.webp	/Users/dakshsethi/Projects/guby-rogers/docs/from-previous-attempt/ui-preview/assets/from-framer/wolfmedia/all/ny9k1RA0lgRrfpZL9i5Tqz3roE.webp	24594	image/webp
wolfmedia	https://wolfmediadaksh.framer.website/	https://framerusercontent.com/images/oA1GOTjA3vnnOb5quOECOaRuGCI.webp	/Users/dakshsethi/Projects/guby-rogers/docs/from-previous-attempt/ui-preview/assets/from-framer/wolfmedia/all/oA1GOTjA3vnnOb5quOECOaRuGCI.webp	5156	image/webp
wolfmedia	https://wolfmediadaksh.framer.website/	https://framerusercontent.com/images/obx0QALhU43r53kJGv0N2HJ9Dp0.jpg	/Users/dakshsethi/Projects/guby-rogers/docs/from-previous-attempt/ui-preview/assets/from-framer/wolfmedia/all/obx0QALhU43r53kJGv0N2HJ9Dp0.jpg	2886204	image/jpeg
wolfmedia	https://wolfmediadaksh.framer.website/	https://framerusercontent.com/images/ptW2fDE2avWlH48vYjc3MCEvXY.jpg	/Users/dakshsethi/Projects/guby-rogers/docs/from-previous-attempt/ui-preview/assets/from-framer/wolfmedia/all/ptW2fDE2avWlH48vYjc3MCEvXY.jpg	426636	image/jpeg
wolfmedia	https://wolfmediadaksh.framer.website/	https://framerusercontent.com/images/sLxtmfwAPZvDNSghELvIEVhto.webp	/Users/dakshsethi/Projects/guby-rogers/docs/from-previous-attempt/ui-preview/assets/from-framer/wolfmedia/all/sLxtmfwAPZvDNSghELvIEVhto.webp	133212	image/png
wolfmedia	https://wolfmediadaksh.framer.website/	https://framerusercontent.com/images/sn19BAHBjELJ6MsQBWBdyjCXuI.jpg	/Users/dakshsethi/Projects/guby-rogers/docs/from-previous-attempt/ui-preview/assets/from-framer/wolfmedia/all/sn19BAHBjELJ6MsQBWBdyjCXuI.jpg	248564	image/jpeg
wolfmedia	https://wolfmediadaksh.framer.website/	https://framerusercontent.com/images/urKkLZu6xvA0oCeucmJ2gxfkHhs.jpg	/Users/dakshsethi/Projects/guby-rogers/docs/from-previous-attempt/ui-preview/assets/from-framer/wolfmedia/all/urKkLZu6xvA0oCeucmJ2gxfkHhs.jpg	375516	image/jpeg
wolfmedia	https://wolfmediadaksh.framer.website/	https://framerusercontent.com/images/wASNSe1sQ6fTPMYNbmPK3dccQtQ.svg	/Users/dakshsethi/Projects/guby-rogers/docs/from-previous-attempt/ui-preview/assets/from-framer/wolfmedia/all/wASNSe1sQ6fTPMYNbmPK3dccQtQ.svg	1797	image/svg+xml
wolfmedia	https://wolfmediadaksh.framer.website/	https://framerusercontent.com/images/wVeGDGcGZX7DYvnJnpnVgIGvyw.webp	/Users/dakshsethi/Projects/guby-rogers/docs/from-previous-attempt/ui-preview/assets/from-framer/wolfmedia/all/wVeGDGcGZX7DYvnJnpnVgIGvyw.webp	54142	image/webp
wolfmedia	https://wolfmediadaksh.framer.website/	https://framerusercontent.com/images/xCGMZ6OpqdkYA2jlCPdQOy0FK0.webp	/Users/dakshsethi/Projects/guby-rogers/docs/from-previous-attempt/ui-preview/assets/from-framer/wolfmedia/all/xCGMZ6OpqdkYA2jlCPdQOy0FK0.webp	48380	image/webp
wolfmedia	https://wolfmediadaksh.framer.website/	https://framerusercontent.com/images/xJqYQG3YzGRo6oBviNH5yPXOkw.png	/Users/dakshsethi/Projects/guby-rogers/docs/from-previous-attempt/ui-preview/assets/from-framer/wolfmedia/all/xJqYQG3YzGRo6oBviNH5yPXOkw.png	6215	image/png
wolfmedia	https://wolfmediadaksh.framer.website/	https://framerusercontent.com/images/xmQeE3ts8b0LS8a9kxs3jEOohbA.jpg	/Users/dakshsethi/Projects/guby-rogers/docs/from-previous-attempt/ui-preview/assets/from-framer/wolfmedia/all/xmQeE3ts8b0LS8a9kxs3jEOohbA.jpg	58406	image/jpeg
wolfmedia	https://wolfmediadaksh.framer.website/	https://framerusercontent.com/images/xqOKXkXpbrYEX4EYZMxzmem8pA.jpg	/Users/dakshsethi/Projects/guby-rogers/docs/from-previous-attempt/ui-preview/assets/from-framer/wolfmedia/all/xqOKXkXpbrYEX4EYZMxzmem8pA.jpg	58410	image/jpeg
wolfmedia	https://wolfmediadaksh.framer.website/	https://framerusercontent.com/images/yUrPKbhKv8tV4Y4Si8A4HS7EXpw.webp	/Users/dakshsethi/Projects/guby-rogers/docs/from-previous-attempt/ui-preview/assets/from-framer/wolfmedia/all/yUrPKbhKv8tV4Y4Si8A4HS7EXpw.webp	41442	image/webp
wolfmedia	https://wolfmediadaksh.framer.website/	https://framerusercontent.com/images/yVUM5hbvXbMpBF8zbSj7tcVOcI.jpg	/Users/dakshsethi/Projects/guby-rogers/docs/from-previous-attempt/ui-preview/assets/from-framer/wolfmedia/all/yVUM5hbvXbMpBF8zbSj7tcVOcI.jpg	236909	image/jpeg
wolfmedia	https://wolfmediadaksh.framer.website/	https://framerusercontent.com/images/yfQyXc8lkpumeR1MoRF3naJb8w.png	/Users/dakshsethi/Projects/guby-rogers/docs/from-previous-attempt/ui-preview/assets/from-framer/wolfmedia/all/yfQyXc8lkpumeR1MoRF3naJb8w.png	178702	image/png
wolfmedia	https://wolfmediadaksh.framer.website/	https://framerusercontent.com/images/yrgiTbrdlZ0LTwUxudIbzxo.jpg	/Users/dakshsethi/Projects/guby-rogers/docs/from-previous-attempt/ui-preview/assets/from-framer/wolfmedia/all/yrgiTbrdlZ0LTwUxudIbzxo.jpg	54594	image/jpeg
wolfmedia	https://wolfmediadaksh.framer.website/	https://framerusercontent.com/images/zI69nLm78QLS1gBsWSPfYeWiq4.jpg	/Users/dakshsethi/Projects/guby-rogers/docs/from-previous-attempt/ui-preview/assets/from-framer/wolfmedia/all/zI69nLm78QLS1gBsWSPfYeWiq4.jpg	39337	image/jpeg
wolfmedia	https://wolfmediadaksh.framer.website/	https://framerusercontent.com/sites/4xYyMjdfH2n1OAjXD838Th/1PR2_jUPqs3PzW4RPzA7UNK90cRso1J09XkBH172V4k.NL6D76JJ.mjs	/Users/dakshsethi/Projects/guby-rogers/docs/from-previous-attempt/ui-preview/assets/from-framer/wolfmedia/all/1PR2_jUPqs3PzW4RPzA7UNK90cRso1J09XkBH172V4k.NL6D76JJ.mjs	862008	text/javascript
wolfmedia	https://wolfmediadaksh.framer.website/	https://framerusercontent.com/sites/4xYyMjdfH2n1OAjXD838Th/chunk-A6FFLU3T.mjs	/Users/dakshsethi/Projects/guby-rogers/docs/from-previous-attempt/ui-preview/assets/from-framer/wolfmedia/all/chunk-A6FFLU3T.mjs	32325	text/javascript
wolfmedia	https://wolfmediadaksh.framer.website/	https://framerusercontent.com/sites/4xYyMjdfH2n1OAjXD838Th/chunk-EEGMGOD3.mjs	/Users/dakshsethi/Projects/guby-rogers/docs/from-previous-attempt/ui-preview/assets/from-framer/wolfmedia/all/chunk-EEGMGOD3.mjs	973	text/javascript
wolfmedia	https://wolfmediadaksh.framer.website/	https://framerusercontent.com/sites/4xYyMjdfH2n1OAjXD838Th/chunk-IJOLW4QN.mjs	/Users/dakshsethi/Projects/guby-rogers/docs/from-previous-attempt/ui-preview/assets/from-framer/wolfmedia/all/chunk-IJOLW4QN.mjs	555	text/javascript
wolfmedia	https://wolfmediadaksh.framer.website/	https://framerusercontent.com/sites/4xYyMjdfH2n1OAjXD838Th/chunk-NMHGPDED.mjs	/Users/dakshsethi/Projects/guby-rogers/docs/from-previous-attempt/ui-preview/assets/from-framer/wolfmedia/all/chunk-NMHGPDED.mjs	663710	text/javascript
wolfmedia	https://wolfmediadaksh.framer.website/	https://framerusercontent.com/sites/4xYyMjdfH2n1OAjXD838Th/chunk-S7WDOCE5.mjs	/Users/dakshsethi/Projects/guby-rogers/docs/from-previous-attempt/ui-preview/assets/from-framer/wolfmedia/all/chunk-S7WDOCE5.mjs	17719	text/javascript
wolfmedia	https://wolfmediadaksh.framer.website/	https://framerusercontent.com/sites/4xYyMjdfH2n1OAjXD838Th/chunk-Y5FTINFI.mjs	/Users/dakshsethi/Projects/guby-rogers/docs/from-previous-attempt/ui-preview/assets/from-framer/wolfmedia/all/chunk-Y5FTINFI.mjs	454	text/javascript
wolfmedia	https://wolfmediadaksh.framer.website/	https://framerusercontent.com/sites/4xYyMjdfH2n1OAjXD838Th/script_main.UP6REWO3.mjs	/Users/dakshsethi/Projects/guby-rogers/docs/from-previous-attempt/ui-preview/assets/from-framer/wolfmedia/all/script_main.UP6REWO3.mjs	3315	text/javascript
wolfmedia	https://wolfmediadaksh.framer.website/	https://framerusercontent.com/sites/4xYyMjdfH2n1OAjXD838Th/searchIndex-N7vbJAGMwqyV.json	/Users/dakshsethi/Projects/guby-rogers/docs/from-previous-attempt/ui-preview/assets/from-framer/wolfmedia/all/searchIndex-N7vbJAGMwqyV.json	9823	application/json
wolfmedia	https://wolfmediadaksh.framer.website/privacy-policy	https://framerusercontent.com/images/UqcW7YkIk8EB92eZS7im7d2RQ.jpeg	/Users/dakshsethi/Projects/guby-rogers/docs/from-previous-attempt/ui-preview/assets/from-framer/wolfmedia/all/UqcW7YkIk8EB92eZS7im7d2RQ.jpeg	117510	image/jpeg
wolfmedia	https://wolfmediadaksh.framer.website/privacy-policy	https://framerusercontent.com/sites/4xYyMjdfH2n1OAjXD838Th/chunk-U35TBXQW.mjs	/Users/dakshsethi/Projects/guby-rogers/docs/from-previous-attempt/ui-preview/assets/from-framer/wolfmedia/all/chunk-U35TBXQW.mjs	733	text/javascript
wolfmedia	https://wolfmediadaksh.framer.website/privacy-policy	https://framerusercontent.com/sites/4xYyMjdfH2n1OAjXD838Th/qntjnmWY2Q7Z24YC_3Xzerym4_4Cr7FyqWFcuxmvx-s.K6EYAR2W.mjs	/Users/dakshsethi/Projects/guby-rogers/docs/from-previous-attempt/ui-preview/assets/from-framer/wolfmedia/all/qntjnmWY2Q7Z24YC_3Xzerym4_4Cr7FyqWFcuxmvx-s.K6EYAR2W.mjs	71690	text/javascript
wolfmedia	https://wolfmediadaksh.framer.website/contact-us	https://framerusercontent.com/sites/4xYyMjdfH2n1OAjXD838Th/VD8NwInsfKQiV8dtSKozKggKR6Fb3JBM8XL8ayDNCwQ.M7XQ4H7Q.mjs	/Users/dakshsethi/Projects/guby-rogers/docs/from-previous-attempt/ui-preview/assets/from-framer/wolfmedia/all/VD8NwInsfKQiV8dtSKozKggKR6Fb3JBM8XL8ayDNCwQ.M7XQ4H7Q.mjs	59738	text/javascript
wolfmedia	https://wolfmediadaksh.framer.website/contact-us	https://framerusercontent.com/sites/4xYyMjdfH2n1OAjXD838Th/chunk-T2A6KAF7.mjs	/Users/dakshsethi/Projects/guby-rogers/docs/from-previous-attempt/ui-preview/assets/from-framer/wolfmedia/all/chunk-T2A6KAF7.mjs	1326	text/javascript